{"v":"4.8.0","meta":{"g":"LottieFiles AE 1.0.0","a":"","k":"","d":"","tc":"#FFFFFF"},"fr":30,"ip":0,"op":150,"w":1200,"h":1200,"nm":"5 - Choose your colors","ddd":0,"assets":[{"id":"comp_0","layers":[{"ddd":0,"ind":1,"ty":4,"nm":"Color Control","sr":1,"ks":{"o":{"a":0,"k":100,"ix":11},"r":{"a":0,"k":0,"ix":10},"p":{"a":0,"k":[600,600,0],"ix":2},"a":{"a":0,"k":[0,0,0],"ix":1},"s":{"a":0,"k":[100,100,100],"ix":6}},"ao":0,"ef":[{"ty":5,"nm":"Color 1","np":3,"mn":"ADBE Color Control","ix":1,"en":1,"ef":[{"ty":2,"nm":"Color","mn":"ADBE Color Control-0001","ix":1,"v":{"a":0,"k":[1,0.505882382393,0.172549024224,1],"ix":1}}]},{"ty":5,"nm":"Color 2","np":3,"mn":"ADBE Color Control","ix":2,"en":1,"ef":[{"ty":2,"nm":"Color","mn":"ADBE Color Control-0001","ix":1,"v":{"a":0,"k":[1,1,1,1],"ix":1}}]},{"ty":5,"nm":"Color 3","np":3,"mn":"ADBE Color Control","ix":3,"en":1,"ef":[{"ty":2,"nm":"Color","mn":"ADBE Color Control-0001","ix":1,"v":{"a":0,"k":[0.109803929925,0.011764707044,0.066666670144,1],"ix":1}}]},{"ty":5,"nm":"Color 4","np":3,"mn":"ADBE Color Control","ix":4,"en":1,"ef":[{"ty":2,"nm":"Color","mn":"ADBE Color Control-0001","ix":1,"v":{"a":0,"k":[0,0,0,1],"ix":1}}]},{"ty":5,"nm":"Color 5","np":3,"mn":"ADBE Color Control","ix":5,"en":1,"ef":[{"ty":2,"nm":"Color","mn":"ADBE Color Control-0001","ix":1,"v":{"a":0,"k":[0.101960793138,0.101960793138,0.101960793138,1],"ix":1}}]}],"shapes":[],"ip":0,"op":150,"st":0,"bm":0},{"ddd":0,"ind":2,"ty":4,"nm":"Football","sr":1,"ks":{"o":{"a":0,"k":100,"ix":11},"r":{"a":1,"k":[{"i":{"x":[0.667],"y":[1]},"o":{"x":[0.333],"y":[0]},"t":20,"s":[-405]},{"i":{"x":[0.667],"y":[1]},"o":{"x":[0.167],"y":[0]},"t":80,"s":[0]},{"i":{"x":[0.833],"y":[1]},"o":{"x":[0.167],"y":[0]},"t":90,"s":[0]},{"t":140,"s":[-405]}],"ix":10},"p":{"a":1,"k":[{"i":{"x":0.667,"y":1},"o":{"x":0.333,"y":0},"t":20,"s":[770.241,874.131,0],"to":[43.838,-7.833,0],"ti":[-43.838,7.833,0]},{"i":{"x":0.667,"y":0.667},"o":{"x":0.167,"y":0.167},"t":80,"s":[1033.27,827.131,0],"to":[0,0,0],"ti":[0,0,0]},{"i":{"x":0.833,"y":1},"o":{"x":0.167,"y":0},"t":90,"s":[1033.27,827.131,0],"to":[-43.838,7.833,0],"ti":[43.838,-7.833,0]},{"t":140,"s":[770.241,874.131,0]}],"ix":2},"a":{"a":0,"k":[433.27,227.131,0],"ix":1},"s":{"a":0,"k":[100,100,100],"ix":6}},"ao":0,"shapes":[{"ty":"gr","it":[{"ind":0,"ty":"sh","ix":1,"ks":{"a":0,"k":{"i":[[0,22.016],[22.759,0],[0,-22.015],[-22.76,0]],"o":[[0,-22.015],[-22.76,0],[0,22.016],[22.759,0]],"v":[[41.209,-0.001],[0,-39.862],[-41.21,-0.001],[0,39.862]],"c":true},"ix":2},"nm":"Path 1","mn":"ADBE Vector Shape - Group","hd":false},{"ty":"st","c":{"a":0,"k":[0,0,0,1],"ix":3,"x":"var $bm_rt;\n$bm_rt = thisComp.layer('Color Control').effect('Color 4')('Color');"},"o":{"a":0,"k":100,"ix":4},"w":{"a":0,"k":2,"ix":5},"lc":2,"lj":2,"bm":0,"nm":"Stroke 1","mn":"ADBE Vector Graphic - Stroke","hd":false},{"ty":"fl","c":{"a":0,"k":[1,0.505999995213,0.172999991623,1],"ix":4,"x":"var $bm_rt;\n$bm_rt = thisComp.layer('Color Control').effect('Color 1')('Color');"},"o":{"a":0,"k":100,"ix":5},"r":1,"bm":0,"nm":"Fill 1","mn":"ADBE Vector Graphic - Fill","hd":false},{"ty":"tr","p":{"a":0,"k":[433.27,227.131],"ix":2},"a":{"a":0,"k":[0,0],"ix":1},"s":{"a":0,"k":[100,100],"ix":3},"r":{"a":0,"k":0,"ix":6},"o":{"a":0,"k":100,"ix":7},"sk":{"a":0,"k":0,"ix":4},"sa":{"a":0,"k":0,"ix":5},"nm":"Transform"}],"nm":"Group 1","np":3,"cix":2,"bm":0,"ix":1,"mn":"ADBE Vector Group","hd":false}],"ip":0,"op":150,"st":0,"bm":0},{"ddd":0,"ind":3,"ty":4,"nm":"Phone","sr":1,"ks":{"o":{"a":0,"k":100,"ix":11},"r":{"a":0,"k":0,"ix":10},"p":{"a":0,"k":[885.276,356.122,0],"ix":2},"a":{"a":0,"k":[1245.276,321.122,0],"ix":1},"s":{"a":0,"k":[100,100,100],"ix":6}},"ao":0,"shapes":[{"ty":"gr","it":[{"ind":0,"ty":"sh","ix":1,"ks":{"a":0,"k":{"i":[[0,0],[0,0],[0,0],[0,0]],"o":[[0,0],[0,0],[0,0],[0,0]],"v":[[63.789,15.247],[-63.789,15.247],[-63.789,-15.247],[63.789,-15.247]],"c":true},"ix":2},"nm":"Path 1","mn":"ADBE Vector Shape - Group","hd":false},{"ty":"st","c":{"a":0,"k":[0,0,0,1],"ix":3,"x":"var $bm_rt;\n$bm_rt = thisComp.layer('Color Control').effect('Color 4')('Color');"},"o":{"a":0,"k":100,"ix":4},"w":{"a":0,"k":2,"ix":5},"lc":2,"lj":2,"bm":0,"nm":"Stroke 1","mn":"ADBE Vector Graphic - Stroke","hd":false},{"ty":"fl","c":{"a":0,"k":[1,0.505999995213,0.172999991623,1],"ix":4,"x":"var $bm_rt;\n$bm_rt = thisComp.layer('Color Control').effect('Color 1')('Color');"},"o":{"a":0,"k":100,"ix":5},"r":1,"bm":0,"nm":"Fill 1","mn":"ADBE Vector Graphic - Fill","hd":false},{"ty":"tr","p":{"a":0,"k":[1245.644,425.278],"ix":2},"a":{"a":0,"k":[0,0],"ix":1},"s":{"a":1,"k":[{"i":{"x":[0.498,0.667],"y":[1,1]},"o":{"x":[0.472,0.333],"y":[0,0]},"t":0,"s":[100,100]},{"i":{"x":[0.498,0.667],"y":[1,1]},"o":{"x":[0.472,0.333],"y":[0,0]},"t":37.25,"s":[90,100]},{"i":{"x":[0.498,0.667],"y":[1,1]},"o":{"x":[0.472,0.333],"y":[0,0]},"t":74.5,"s":[100,100]},{"i":{"x":[0.667,0.667],"y":[1,1]},"o":{"x":[0.472,0.333],"y":[0,0]},"t":111.75,"s":[90,100]},{"t":149,"s":[100,100]}],"ix":3},"r":{"a":0,"k":0,"ix":6},"o":{"a":0,"k":100,"ix":7},"sk":{"a":0,"k":0,"ix":4},"sa":{"a":0,"k":0,"ix":5},"nm":"Transform"}],"nm":"Group 1","np":3,"cix":2,"bm":0,"ix":1,"mn":"ADBE Vector Group","hd":false},{"ty":"gr","it":[{"ind":0,"ty":"sh","ix":1,"ks":{"a":0,"k":{"i":[[0,0],[0,0],[0,0],[0,0]],"o":[[0,0],[0,0],[0,0],[0,0]],"v":[[63.789,15.247],[-63.789,15.247],[-63.789,-15.247],[63.789,-15.247]],"c":true},"ix":2},"nm":"Path 1","mn":"ADBE Vector Shape - Group","hd":false},{"ty":"st","c":{"a":0,"k":[0.102000000898,0.102000000898,0.102000000898,1],"ix":3,"x":"var $bm_rt;\n$bm_rt = thisComp.layer('Color Control').effect('Color 5')('Color');"},"o":{"a":0,"k":100,"ix":4},"w":{"a":0,"k":2,"ix":5},"lc":2,"lj":2,"bm":0,"nm":"Stroke 1","mn":"ADBE Vector Graphic - Stroke","hd":false},{"ty":"fl","c":{"a":0,"k":[1,1,1,1],"ix":4,"x":"var $bm_rt;\n$bm_rt = thisComp.layer('Color Control').effect('Color 2')('Color');"},"o":{"a":0,"k":100,"ix":5},"r":1,"bm":0,"nm":"Fill 1","mn":"ADBE Vector Graphic - Fill","hd":false},{"ty":"tr","p":{"a":0,"k":[1245.644,363.036],"ix":2},"a":{"a":0,"k":[0,0],"ix":1},"s":{"a":1,"k":[{"i":{"x":[0.498,0.667],"y":[1,1]},"o":{"x":[0.472,0.333],"y":[0,0]},"t":0,"s":[90,100]},{"i":{"x":[0.667,0.667],"y":[1,1]},"o":{"x":[0.472,0.333],"y":[0,0]},"t":37.25,"s":[100,100]},{"i":{"x":[0.498,0.667],"y":[1,1]},"o":{"x":[0.472,0.333],"y":[0,0]},"t":74.5,"s":[90,100]},{"i":{"x":[0.667,0.667],"y":[1,1]},"o":{"x":[0.472,0.333],"y":[0,0]},"t":111.75,"s":[100,100]},{"t":149,"s":[90,100]}],"ix":3},"r":{"a":0,"k":0,"ix":6},"o":{"a":0,"k":100,"ix":7},"sk":{"a":0,"k":0,"ix":4},"sa":{"a":0,"k":0,"ix":5},"nm":"Transform"}],"nm":"Group 2","np":3,"cix":2,"bm":0,"ix":2,"mn":"ADBE Vector Group","hd":false},{"ty":"gr","it":[{"ind":0,"ty":"sh","ix":1,"ks":{"a":0,"k":{"i":[[0,0],[0,0],[0,0],[0,0]],"o":[[0,0],[0,0],[0,0],[0,0]],"v":[[63.789,15.247],[-63.789,15.247],[-63.789,-15.247],[63.789,-15.247]],"c":true},"ix":2},"nm":"Path 1","mn":"ADBE Vector Shape - Group","hd":false},{"ty":"st","c":{"a":0,"k":[0.102000000898,0.102000000898,0.102000000898,1],"ix":3,"x":"var $bm_rt;\n$bm_rt = thisComp.layer('Color Control').effect('Color 5')('Color');"},"o":{"a":0,"k":100,"ix":4},"w":{"a":0,"k":1,"ix":5},"lc":2,"lj":2,"bm":0,"nm":"Stroke 1","mn":"ADBE Vector Graphic - Stroke","hd":false},{"ty":"fl","c":{"a":0,"k":[0.109999997008,0.011999999776,0.067000003889,1],"ix":4,"x":"var $bm_rt;\n$bm_rt = thisComp.layer('Color Control').effect('Color 3')('Color');"},"o":{"a":0,"k":100,"ix":5},"r":1,"bm":0,"nm":"Fill 1","mn":"ADBE Vector Graphic - Fill","hd":false},{"ty":"tr","p":{"a":0,"k":[1245.644,300.795],"ix":2},"a":{"a":0,"k":[0,0],"ix":1},"s":{"a":1,"k":[{"i":{"x":[0.498,0.667],"y":[1,1]},"o":{"x":[0.472,0.333],"y":[0,0]},"t":0,"s":[100,100]},{"i":{"x":[0.498,0.667],"y":[1,1]},"o":{"x":[0.472,0.333],"y":[0,0]},"t":37.25,"s":[90,100]},{"i":{"x":[0.498,0.667],"y":[1,1]},"o":{"x":[0.472,0.333],"y":[0,0]},"t":74.5,"s":[100,100]},{"i":{"x":[0.667,0.667],"y":[1,1]},"o":{"x":[0.472,0.333],"y":[0,0]},"t":111.75,"s":[90,100]},{"t":149,"s":[100,100]}],"ix":3},"r":{"a":0,"k":0,"ix":6},"o":{"a":0,"k":100,"ix":7},"sk":{"a":0,"k":0,"ix":4},"sa":{"a":0,"k":0,"ix":5},"nm":"Transform"}],"nm":"Group 3","np":3,"cix":2,"bm":0,"ix":3,"mn":"ADBE Vector Group","hd":false},{"ty":"gr","it":[{"ind":0,"ty":"sh","ix":1,"ks":{"a":0,"k":{"i":[[0,0],[0,0],[0,0],[0,0]],"o":[[0,0],[0,0],[0,0],[0,0]],"v":[[63.789,15.247],[-63.789,15.247],[-63.789,-15.247],[63.789,-15.247]],"c":true},"ix":2},"nm":"Path 1","mn":"ADBE Vector Shape - Group","hd":false},{"ty":"st","c":{"a":0,"k":[0.102000000898,0.102000000898,0.102000000898,1],"ix":3,"x":"var $bm_rt;\n$bm_rt = thisComp.layer('Color Control').effect('Color 5')('Color');"},"o":{"a":0,"k":100,"ix":4},"w":{"a":0,"k":2,"ix":5},"lc":2,"lj":2,"bm":0,"nm":"Stroke 1","mn":"ADBE Vector Graphic - Stroke","hd":false},{"ty":"fl","c":{"a":0,"k":[1,1,1,1],"ix":4,"x":"var $bm_rt;\n$bm_rt = thisComp.layer('Color Control').effect('Color 2')('Color');"},"o":{"a":0,"k":100,"ix":5},"r":1,"bm":0,"nm":"Fill 1","mn":"ADBE Vector Graphic - Fill","hd":false},{"ty":"tr","p":{"a":0,"k":[1245.644,238.552],"ix":2},"a":{"a":0,"k":[0,0],"ix":1},"s":{"a":1,"k":[{"i":{"x":[0.498,0.667],"y":[1,1]},"o":{"x":[0.472,0.333],"y":[0,0]},"t":0,"s":[90,100]},{"i":{"x":[0.667,0.667],"y":[1,1]},"o":{"x":[0.472,0.333],"y":[0,0]},"t":37.25,"s":[100,100]},{"i":{"x":[0.498,0.667],"y":[1,1]},"o":{"x":[0.472,0.333],"y":[0,0]},"t":74.5,"s":[90,100]},{"i":{"x":[0.667,0.667],"y":[1,1]},"o":{"x":[0.472,0.333],"y":[0,0]},"t":111.75,"s":[100,100]},{"t":149,"s":[90,100]}],"ix":3},"r":{"a":0,"k":0,"ix":6},"o":{"a":0,"k":100,"ix":7},"sk":{"a":0,"k":0,"ix":4},"sa":{"a":0,"k":0,"ix":5},"nm":"Transform"}],"nm":"Group 4","np":3,"cix":2,"bm":0,"ix":4,"mn":"ADBE Vector Group","hd":false},{"ty":"gr","it":[{"ty":"gr","it":[{"ind":0,"ty":"sh","ix":1,"ks":{"a":0,"k":{"i":[[0,-2.944],[3.043,0],[0,2.944],[-3.044,0]],"o":[[0,2.944],[-3.044,0],[0,-2.944],[3.043,0]],"v":[[5.51,0],[-0.001,5.331],[-5.511,0],[-0.001,-5.331]],"c":true},"ix":2},"nm":"Path 1","mn":"ADBE Vector Shape - Group","hd":false},{"ty":"st","c":{"a":0,"k":[0.102000000898,0.102000000898,0.102000000898,1],"ix":3,"x":"var $bm_rt;\n$bm_rt = thisComp.layer('Color Control').effect('Color 5')('Color');"},"o":{"a":0,"k":100,"ix":4},"w":{"a":0,"k":1,"ix":5},"lc":2,"lj":2,"bm":0,"nm":"Stroke 1","mn":"ADBE Vector Graphic - Stroke","hd":false},{"ty":"fl","c":{"a":0,"k":[0.109999997008,0.011999999776,0.067000003889,1],"ix":4,"x":"var $bm_rt;\n$bm_rt = thisComp.layer('Color Control').effect('Color 3')('Color');"},"o":{"a":0,"k":100,"ix":5},"r":1,"bm":0,"nm":"Fill 1","mn":"ADBE Vector Graphic - Fill","hd":false},{"ty":"tr","p":{"a":0,"k":[1251.195,179.631],"ix":2},"a":{"a":0,"k":[0,0],"ix":1},"s":{"a":0,"k":[100,100],"ix":3},"r":{"a":0,"k":0,"ix":6},"o":{"a":0,"k":100,"ix":7},"sk":{"a":0,"k":0,"ix":4},"sa":{"a":0,"k":0,"ix":5},"nm":"Transform"}],"nm":"Group 5","np":3,"cix":2,"bm":0,"ix":1,"mn":"ADBE Vector Group","hd":false},{"ty":"gr","it":[{"ind":0,"ty":"sh","ix":1,"ks":{"a":0,"k":{"i":[[0,-2.944],[3.043,0],[0,2.944],[-3.043,0]],"o":[[0,2.944],[-3.043,0],[0,-2.944],[3.043,0]],"v":[[5.51,0],[-0.001,5.331],[-5.511,0],[-0.001,-5.331]],"c":true},"ix":2},"nm":"Path 1","mn":"ADBE Vector Shape - Group","hd":false},{"ty":"st","c":{"a":0,"k":[0.102000000898,0.102000000898,0.102000000898,1],"ix":3,"x":"var $bm_rt;\n$bm_rt = thisComp.layer('Color Control').effect('Color 5')('Color');"},"o":{"a":0,"k":100,"ix":4},"w":{"a":0,"k":1,"ix":5},"lc":2,"lj":2,"bm":0,"nm":"Stroke 1","mn":"ADBE Vector Graphic - Stroke","hd":false},{"ty":"fl","c":{"a":0,"k":[0.109999997008,0.011999999776,0.067000003889,1],"ix":4,"x":"var $bm_rt;\n$bm_rt = thisComp.layer('Color Control').effect('Color 3')('Color');"},"o":{"a":0,"k":100,"ix":5},"r":1,"bm":0,"nm":"Fill 1","mn":"ADBE Vector Graphic - Fill","hd":false},{"ty":"tr","p":{"a":0,"k":[1221.805,179.631],"ix":2},"a":{"a":0,"k":[0,0],"ix":1},"s":{"a":0,"k":[100,100],"ix":3},"r":{"a":0,"k":0,"ix":6},"o":{"a":0,"k":100,"ix":7},"sk":{"a":0,"k":0,"ix":4},"sa":{"a":0,"k":0,"ix":5},"nm":"Transform"}],"nm":"Group 6","np":3,"cix":2,"bm":0,"ix":2,"mn":"ADBE Vector Group","hd":false},{"ty":"gr","it":[{"ind":0,"ty":"sh","ix":1,"ks":{"a":0,"k":{"i":[[0,-2.944],[3.044,0],[0,2.944],[-3.043,0]],"o":[[0,2.944],[-3.043,0],[0,-2.944],[3.044,0]],"v":[[5.51,0],[-0.001,5.331],[-5.511,0],[-0.001,-5.331]],"c":true},"ix":2},"nm":"Path 1","mn":"ADBE Vector Shape - Group","hd":false},{"ty":"st","c":{"a":0,"k":[0.102000000898,0.102000000898,0.102000000898,1],"ix":3,"x":"var $bm_rt;\n$bm_rt = thisComp.layer('Color Control').effect('Color 5')('Color');"},"o":{"a":0,"k":100,"ix":4},"w":{"a":0,"k":1,"ix":5},"lc":2,"lj":2,"bm":0,"nm":"Stroke 1","mn":"ADBE Vector Graphic - Stroke","hd":false},{"ty":"fl","c":{"a":0,"k":[0.109999997008,0.011999999776,0.067000003889,1],"ix":4,"x":"var $bm_rt;\n$bm_rt = thisComp.layer('Color Control').effect('Color 3')('Color');"},"o":{"a":0,"k":100,"ix":5},"r":1,"bm":0,"nm":"Fill 1","mn":"ADBE Vector Graphic - Fill","hd":false},{"ty":"tr","p":{"a":0,"k":[1192.415,179.631],"ix":2},"a":{"a":0,"k":[0,0],"ix":1},"s":{"a":0,"k":[100,100],"ix":3},"r":{"a":0,"k":0,"ix":6},"o":{"a":0,"k":100,"ix":7},"sk":{"a":0,"k":0,"ix":4},"sa":{"a":0,"k":0,"ix":5},"nm":"Transform"}],"nm":"Group 7","np":3,"cix":2,"bm":0,"ix":3,"mn":"ADBE Vector Group","hd":false},{"ty":"gr","it":[{"ind":0,"ty":"sh","ix":1,"ks":{"a":0,"k":{"i":[[18.964,0],[0,0],[0,18.963],[0,0],[-18.964,0],[0,0],[0,-18.964],[0,0]],"o":[[0,0],[-18.964,0],[0,0],[0,-18.964],[0,0],[18.964,0],[0,0],[0,18.963]],"v":[[45.399,158.984],[-45.397,158.984],[-79.735,124.647],[-79.735,-124.646],[-45.397,-158.984],[45.399,-158.984],[79.735,-124.646],[79.735,124.647]],"c":true},"ix":2},"nm":"Path 1","mn":"ADBE Vector Shape - Group","hd":false},{"ty":"st","c":{"a":0,"k":[0.102000000898,0.102000000898,0.102000000898,1],"ix":3,"x":"var $bm_rt;\n$bm_rt = thisComp.layer('Color Control').effect('Color 5')('Color');"},"o":{"a":0,"k":100,"ix":4},"w":{"a":0,"k":2,"ix":5},"lc":2,"lj":2,"bm":0,"nm":"Stroke 1","mn":"ADBE Vector Graphic - Stroke","hd":false},{"ty":"fl","c":{"a":0,"k":[1,1,1,1],"ix":4,"x":"var $bm_rt;\n$bm_rt = thisComp.layer('Color Control').effect('Color 2')('Color');"},"o":{"a":0,"k":100,"ix":5},"r":1,"bm":0,"nm":"Fill 1","mn":"ADBE Vector Graphic - Fill","hd":false},{"ty":"tr","p":{"a":0,"k":[1245.276,321.122],"ix":2},"a":{"a":0,"k":[0,0],"ix":1},"s":{"a":0,"k":[100,100],"ix":3},"r":{"a":0,"k":0,"ix":6},"o":{"a":0,"k":100,"ix":7},"sk":{"a":0,"k":0,"ix":4},"sa":{"a":0,"k":0,"ix":5},"nm":"Transform"}],"nm":"Group 8","np":3,"cix":2,"bm":0,"ix":4,"mn":"ADBE Vector Group","hd":false},{"ty":"tr","p":{"a":0,"k":[1245.276,321.122],"ix":2},"a":{"a":0,"k":[1245.276,321.122],"ix":1},"s":{"a":0,"k":[100,100],"ix":3},"r":{"a":0,"k":0,"ix":6},"o":{"a":0,"k":100,"ix":7},"sk":{"a":0,"k":0,"ix":4},"sa":{"a":0,"k":0,"ix":5},"nm":"Transform"}],"nm":"Group 5","np":4,"cix":2,"bm":0,"ix":5,"mn":"ADBE Vector Group","hd":false}],"ip":0,"op":150,"st":0,"bm":0},{"ddd":0,"ind":4,"ty":4,"nm":"Head","parent":7,"sr":1,"ks":{"o":{"a":0,"k":100,"ix":11},"r":{"a":1,"k":[{"i":{"x":[0.667],"y":[1]},"o":{"x":[0.333],"y":[0]},"t":0,"s":[42]},{"i":{"x":[0.833],"y":[1]},"o":{"x":[0.333],"y":[0]},"t":30,"s":[18]},{"i":{"x":[0.667],"y":[1]},"o":{"x":[0.167],"y":[0]},"t":60,"s":[32]},{"i":{"x":[0.833],"y":[1]},"o":{"x":[0.333],"y":[0]},"t":90,"s":[18]},{"i":{"x":[0.667],"y":[1]},"o":{"x":[0.167],"y":[0]},"t":120,"s":[32]},{"t":149,"s":[42]}],"ix":10},"p":{"a":0,"k":[963.79,326.889,0],"ix":2},"a":{"a":0,"k":[963.79,326.889,0],"ix":1},"s":{"a":0,"k":[100,100,100],"ix":6}},"ao":0,"shapes":[{"ty":"gr","it":[{"ind":0,"ty":"sh","ix":1,"ks":{"a":0,"k":{"i":[[0,0],[0,0],[-2.734,0.294]],"o":[[0,0],[0,0],[0,0]],"v":[[7.105,-1.6],[-7.104,-3.23],[7.105,2.936]],"c":true},"ix":2},"nm":"Path 1","mn":"ADBE Vector Shape - Group","hd":false},{"ty":"st","c":{"a":0,"k":[0.102000000898,0.102000000898,0.102000000898,1],"ix":3,"x":"var $bm_rt;\n$bm_rt = thisComp.layer('Color Control').effect('Color 5')('Color');"},"o":{"a":0,"k":100,"ix":4},"w":{"a":0,"k":1,"ix":5},"lc":2,"lj":2,"bm":0,"nm":"Stroke 1","mn":"ADBE Vector Graphic - Stroke","hd":false},{"ty":"fl","c":{"a":0,"k":[0.109999997008,0.011999999776,0.067000003889,1],"ix":4,"x":"var $bm_rt;\n$bm_rt = thisComp.layer('Color Control').effect('Color 3')('Color');"},"o":{"a":0,"k":100,"ix":5},"r":1,"bm":0,"nm":"Fill 1","mn":"ADBE Vector Graphic - Fill","hd":false},{"ty":"tr","p":{"a":0,"k":[971.039,300.74],"ix":2},"a":{"a":0,"k":[0,0],"ix":1},"s":{"a":0,"k":[100,100],"ix":3},"r":{"a":0,"k":0,"ix":6},"o":{"a":0,"k":100,"ix":7},"sk":{"a":0,"k":0,"ix":4},"sa":{"a":0,"k":0,"ix":5},"nm":"Transform"}],"nm":"Group 1","np":3,"cix":2,"bm":0,"ix":1,"mn":"ADBE Vector Group","hd":false},{"ty":"gr","it":[{"ind":0,"ty":"sh","ix":1,"ks":{"a":0,"k":{"i":[[-8.146,-0.463],[0.16,9.889],[-6.07,3.244],[-3.354,-0.155],[0,0],[-2.716,3.089],[7.029,11.279],[6.868,-5.871],[0,0],[0.958,-15.296],[0,0],[-10.862,-4.172],[0,0]],"o":[[0,0],[-0.16,-9.888],[6.069,-3.245],[3.355,0.154],[0,0],[2.715,-3.09],[-7.028,-11.279],[-6.869,5.871],[0,0],[-0.959,15.296],[0,0],[10.861,4.171],[0,0]],"v":[[-10.942,43.879],[5.989,32.291],[3.753,11.897],[17.329,19.622],[20.991,16.532],[12.378,-2.935],[32.503,-26.729],[-2.636,-38.008],[-10.942,-20.394],[-29.949,-10.815],[-25.956,3.399],[-28.671,26.884],[-14.136,30.746]],"c":true},"ix":2},"nm":"Path 1","mn":"ADBE Vector Shape - Group","hd":false},{"ty":"st","c":{"a":0,"k":[0.102000000898,0.102000000898,0.102000000898,1],"ix":3,"x":"var $bm_rt;\n$bm_rt = thisComp.layer('Color Control').effect('Color 5')('Color');"},"o":{"a":0,"k":100,"ix":4},"w":{"a":0,"k":1,"ix":5},"lc":2,"lj":2,"bm":0,"nm":"Stroke 1","mn":"ADBE Vector Graphic - Stroke","hd":false},{"ty":"fl","c":{"a":0,"k":[0.109999997008,0.011999999776,0.067000003889,1],"ix":4,"x":"var $bm_rt;\n$bm_rt = thisComp.layer('Color Control').effect('Color 3')('Color');"},"o":{"a":0,"k":100,"ix":5},"r":1,"bm":0,"nm":"Fill 1","mn":"ADBE Vector Graphic - Fill","hd":false},{"ty":"tr","p":{"a":0,"k":[949.792,248.772],"ix":2},"a":{"a":0,"k":[0,0],"ix":1},"s":{"a":0,"k":[100,100],"ix":3},"r":{"a":0,"k":0,"ix":6},"o":{"a":0,"k":100,"ix":7},"sk":{"a":0,"k":0,"ix":4},"sa":{"a":0,"k":0,"ix":5},"nm":"Transform"}],"nm":"Group 2","np":3,"cix":2,"bm":0,"ix":2,"mn":"ADBE Vector Group","hd":false},{"ty":"gr","it":[{"ind":0,"ty":"sh","ix":1,"ks":{"a":0,"k":{"i":[[-15.779,2.131],[0,0],[8.625,25.957],[12.778,-3.398],[-9.031,-20.704],[-0.319,-6.799],[0,0]],"o":[[0,0],[0,0],[-8.625,-25.956],[-12.778,3.4],[9.031,20.704],[0.32,6.798],[0,0]],"v":[[6.955,54.092],[6.955,26.591],[38.261,7.123],[-16.046,-52.825],[-37.855,-3.383],[-23.713,26.591],[-20.838,43.895]],"c":true},"ix":2},"nm":"Path 1","mn":"ADBE Vector Shape - Group","hd":false},{"ty":"st","c":{"a":0,"k":[0.102000000898,0.102000000898,0.102000000898,1],"ix":3,"x":"var $bm_rt;\n$bm_rt = thisComp.layer('Color Control').effect('Color 5')('Color');"},"o":{"a":0,"k":100,"ix":4},"w":{"a":0,"k":2,"ix":5},"lc":2,"lj":2,"bm":0,"nm":"Stroke 1","mn":"ADBE Vector Graphic - Stroke","hd":false},{"ty":"fl","c":{"a":0,"k":[1,1,1,1],"ix":4,"x":"var $bm_rt;\n$bm_rt = thisComp.layer('Color Control').effect('Color 2')('Color');"},"o":{"a":0,"k":100,"ix":5},"r":1,"bm":0,"nm":"Fill 1","mn":"ADBE Vector Graphic - Fill","hd":false},{"ty":"tr","p":{"a":0,"k":[971.189,272.55],"ix":2},"a":{"a":0,"k":[0,0],"ix":1},"s":{"a":0,"k":[100,100],"ix":3},"r":{"a":0,"k":0,"ix":6},"o":{"a":0,"k":100,"ix":7},"sk":{"a":0,"k":0,"ix":4},"sa":{"a":0,"k":0,"ix":5},"nm":"Transform"}],"nm":"Group 3","np":3,"cix":2,"bm":0,"ix":3,"mn":"ADBE Vector Group","hd":false}],"ip":0,"op":150,"st":0,"bm":0},{"ddd":0,"ind":5,"ty":4,"nm":"Arm","parent":7,"sr":1,"ks":{"o":{"a":0,"k":100,"ix":11},"r":{"a":1,"k":[{"i":{"x":[0.667],"y":[1]},"o":{"x":[0.333],"y":[0]},"t":0,"s":[0]},{"i":{"x":[0.833],"y":[1]},"o":{"x":[0.333],"y":[0]},"t":30,"s":[9]},{"i":{"x":[0.833],"y":[1]},"o":{"x":[0.167],"y":[0]},"t":60,"s":[-5]},{"i":{"x":[0.667],"y":[1]},"o":{"x":[0.167],"y":[0]},"t":90,"s":[24]},{"i":{"x":[0.667],"y":[1]},"o":{"x":[0.333],"y":[0]},"t":120,"s":[9]},{"t":149,"s":[0]}],"ix":10},"p":{"a":0,"k":[943.026,351.806,0],"ix":2},"a":{"a":0,"k":[943.026,351.806,0],"ix":1},"s":{"a":0,"k":[100,100,100],"ix":6}},"ao":0,"shapes":[{"ty":"gr","it":[{"ind":0,"ty":"sh","ix":1,"ks":{"a":1,"k":[{"i":{"x":0.667,"y":1},"o":{"x":0.333,"y":0},"t":0,"s":[{"i":[[0,0],[0,0],[-24.439,31.982],[0,0],[37.469,1.257],[0,0]],"o":[[9.257,-0.424],[0,0],[11.02,-2.781],[0,0],[-37.468,-1.257],[0,0]],"v":[[-45.043,-78.307],[0.958,6.422],[45.522,-70.52],[70.439,-58.469],[5.178,77.473],[-70.439,-18.143]],"c":false}]},{"i":{"x":0.667,"y":1},"o":{"x":0.333,"y":0},"t":30,"s":[{"i":[[0,0],[0,0],[-24.439,31.982],[0,0],[37.469,1.257],[0,0]],"o":[[9.257,-0.424],[0,0],[11.02,-2.781],[0,0],[-37.468,-1.257],[0,0]],"v":[[-45.043,-78.307],[0.958,6.422],[67.314,-51.191],[92.231,-39.14],[5.178,77.473],[-70.439,-18.143]],"c":false}]},{"i":{"x":0.667,"y":1},"o":{"x":0.333,"y":0},"t":60,"s":[{"i":[[0,0],[0,0],[-24.439,31.982],[0,0],[37.469,1.257],[0,0]],"o":[[9.257,-0.424],[0,0],[11.02,-2.781],[0,0],[-37.468,-1.257],[0,0]],"v":[[-45.043,-78.307],[0.958,6.422],[67.314,-51.191],[92.231,-39.14],[5.178,77.473],[-70.439,-18.143]],"c":false}]},{"i":{"x":0.667,"y":1},"o":{"x":0.333,"y":0},"t":90,"s":[{"i":[[0,0],[0,0],[-24.439,31.982],[0,0],[37.469,1.257],[0,0]],"o":[[9.257,-0.424],[0,0],[11.02,-2.781],[0,0],[-37.468,-1.257],[0,0]],"v":[[-45.043,-78.307],[0.958,6.422],[67.314,-51.191],[92.231,-39.14],[5.178,77.473],[-70.439,-18.143]],"c":false}]},{"i":{"x":0.667,"y":1},"o":{"x":0.333,"y":0},"t":120,"s":[{"i":[[0,0],[0,0],[-24.439,31.982],[0,0],[37.469,1.257],[0,0]],"o":[[9.257,-0.424],[0,0],[11.02,-2.781],[0,0],[-37.468,-1.257],[0,0]],"v":[[-45.043,-78.307],[0.958,6.422],[67.314,-51.191],[92.231,-39.14],[5.178,77.473],[-70.439,-18.143]],"c":false}]},{"t":149,"s":[{"i":[[0,0],[0,0],[-24.439,31.982],[0,0],[37.469,1.257],[0,0]],"o":[[9.257,-0.424],[0,0],[11.02,-2.781],[0,0],[-37.468,-1.257],[0,0]],"v":[[-45.043,-78.307],[0.958,6.422],[45.522,-70.52],[70.439,-58.469],[5.178,77.473],[-70.439,-18.143]],"c":false}]}],"ix":2},"nm":"Path 1","mn":"ADBE Vector Shape - Group","hd":false},{"ty":"st","c":{"a":0,"k":[0,0,0,1],"ix":3,"x":"var $bm_rt;\n$bm_rt = thisComp.layer('Color Control').effect('Color 4')('Color');"},"o":{"a":0,"k":100,"ix":4},"w":{"a":0,"k":2,"ix":5},"lc":2,"lj":2,"bm":0,"nm":"Stroke 1","mn":"ADBE Vector Graphic - Stroke","hd":false},{"ty":"fl","c":{"a":0,"k":[1,0.505999995213,0.172999991623,1],"ix":4,"x":"var $bm_rt;\n$bm_rt = thisComp.layer('Color Control').effect('Color 1')('Color');"},"o":{"a":0,"k":100,"ix":5},"r":1,"bm":0,"nm":"Fill 1","mn":"ADBE Vector Graphic - Fill","hd":false},{"ty":"tr","p":{"a":0,"k":[998.908,405.196],"ix":2},"a":{"a":0,"k":[0,0],"ix":1},"s":{"a":0,"k":[100,100],"ix":3},"r":{"a":0,"k":0,"ix":6},"o":{"a":0,"k":100,"ix":7},"sk":{"a":0,"k":0,"ix":4},"sa":{"a":0,"k":0,"ix":5},"nm":"Transform"}],"nm":"Group 1","np":3,"cix":2,"bm":0,"ix":1,"mn":"ADBE Vector Group","hd":false},{"ty":"gr","it":[{"ind":0,"ty":"sh","ix":1,"ks":{"a":0,"k":{"i":[[-0.639,5.752],[-6.23,8.189],[-2.236,-9.475],[-0.32,-0.681],[-0.16,-5.408],[5.111,-4.171],[0,0]],"o":[[0,0],[6.228,-8.189],[2.236,9.476],[0.319,0.681],[0.16,5.408],[-5.112,4.172],[0,0]],"v":[[-22.361,20.781],[-0.479,-22.48],[20.765,-17.587],[13.736,7.585],[19.486,13.365],[4.153,20.781],[-6.229,30.669]],"c":true},"ix":2},"nm":"Path 1","mn":"ADBE Vector Shape - Group","hd":false},{"ty":"st","c":{"a":0,"k":[0.102000000898,0.102000000898,0.102000000898,1],"ix":3,"x":"var $bm_rt;\n$bm_rt = thisComp.layer('Color Control').effect('Color 5')('Color');"},"o":{"a":0,"k":100,"ix":4},"w":{"a":0,"k":2,"ix":5},"lc":2,"lj":2,"bm":0,"nm":"Stroke 1","mn":"ADBE Vector Graphic - Stroke","hd":false},{"ty":"fl","c":{"a":0,"k":[1,1,1,1],"ix":4,"x":"var $bm_rt;\n$bm_rt = thisComp.layer('Color Control').effect('Color 2')('Color');"},"o":{"a":0,"k":100,"ix":5},"r":1,"bm":0,"nm":"Fill 1","mn":"ADBE Vector Graphic - Fill","hd":false},{"ty":"tr","p":{"a":1,"k":[{"i":{"x":0.667,"y":1},"o":{"x":0.333,"y":0},"t":0,"s":[1053.344,347.123],"to":[3.511,2.988],"ti":[-3.511,-2.988]},{"i":{"x":0.667,"y":0.667},"o":{"x":0.333,"y":0.333},"t":30,"s":[1074.407,365.049],"to":[0,0],"ti":[0,0]},{"i":{"x":0.667,"y":0.667},"o":{"x":0.333,"y":0.333},"t":60,"s":[1074.407,365.049],"to":[0,0],"ti":[0,0]},{"i":{"x":0.667,"y":0.667},"o":{"x":0.333,"y":0.333},"t":90,"s":[1074.407,365.049],"to":[0,0],"ti":[0,0]},{"i":{"x":0.667,"y":1},"o":{"x":0.333,"y":0},"t":120,"s":[1074.407,365.049],"to":[-3.511,-2.988],"ti":[3.511,2.988]},{"t":149,"s":[1053.344,347.123]}],"ix":2},"a":{"a":0,"k":[-15.843,27.821],"ix":1},"s":{"a":0,"k":[100,100],"ix":3},"r":{"a":1,"k":[{"i":{"x":[0.667],"y":[1]},"o":{"x":[0.333],"y":[0]},"t":0,"s":[0]},{"i":{"x":[0.667],"y":[1]},"o":{"x":[0.333],"y":[0]},"t":30,"s":[9]},{"i":{"x":[0.667],"y":[1]},"o":{"x":[0.333],"y":[0]},"t":60,"s":[9]},{"i":{"x":[0.667],"y":[1]},"o":{"x":[0.333],"y":[0]},"t":90,"s":[9]},{"i":{"x":[0.667],"y":[1]},"o":{"x":[0.333],"y":[0]},"t":120,"s":[9]},{"t":149,"s":[0]}],"ix":6},"o":{"a":0,"k":100,"ix":7},"sk":{"a":0,"k":0,"ix":4},"sa":{"a":0,"k":0,"ix":5},"nm":"Transform"}],"nm":"Group 2","np":3,"cix":2,"bm":0,"ix":2,"mn":"ADBE Vector Group","hd":false}],"ip":0,"op":150,"st":0,"bm":0},{"ddd":0,"ind":6,"ty":4,"nm":"Leg","sr":1,"ks":{"o":{"a":0,"k":100,"ix":11},"r":{"a":1,"k":[{"i":{"x":[0.667],"y":[1]},"o":{"x":[0.333],"y":[0]},"t":0,"s":[14]},{"i":{"x":[0.667],"y":[1]},"o":{"x":[0.333],"y":[0]},"t":30,"s":[0]},{"i":{"x":[0.667],"y":[1]},"o":{"x":[0.333],"y":[0]},"t":120,"s":[0]},{"t":149,"s":[14]}],"ix":10},"p":{"a":0,"k":[600,600,0],"ix":2},"a":{"a":0,"k":[960,540,0],"ix":1},"s":{"a":0,"k":[100,100,100],"ix":6}},"ao":0,"shapes":[{"ty":"gr","it":[{"ind":0,"ty":"sh","ix":1,"ks":{"a":1,"k":[{"i":{"x":0.667,"y":1},"o":{"x":0.333,"y":0},"t":0,"s":[{"i":[[0,0],[-38.814,-63.964],[0,0],[33.825,49.765],[0,0],[0,0],[-20.582,-27.066],[0,0]],"o":[[0,0],[12.937,6.954],[0,0],[-33.826,-49.765],[0,0],[0,0],[32.802,43.137],[0,0]],"v":[[-4.574,-36.448],[83.017,170.74],[120.393,160.313],[69.317,-127.93],[-32.87,-111.536],[-87.982,-94.868],[-77.268,-15.204],[5.385,-7.212]],"c":false}]},{"i":{"x":0.667,"y":1},"o":{"x":0.333,"y":0},"t":30,"s":[{"i":[[0,0],[-38.814,-63.964],[0,0],[33.825,49.765],[0,0],[0,0],[-43.126,-29.51],[0,0]],"o":[[0,0],[12.937,6.954],[0,0],[-33.826,-49.765],[0,0],[0,0],[43.126,29.511],[0,0]],"v":[[-4.574,-36.448],[83.017,170.74],[120.393,160.313],[69.318,-127.93],[-32.87,-111.536],[-74.393,-106.501],[-77.268,-15.204],[4.539,-10.609]],"c":false}]},{"i":{"x":0.667,"y":1},"o":{"x":0.333,"y":0},"t":120,"s":[{"i":[[0,0],[-38.814,-63.964],[0,0],[33.825,49.765],[0,0],[0,0],[-43.126,-29.51],[0,0]],"o":[[0,0],[12.937,6.954],[0,0],[-33.826,-49.765],[0,0],[0,0],[43.126,29.511],[0,0]],"v":[[-4.574,-36.448],[83.017,170.74],[120.393,160.313],[69.318,-127.93],[-32.87,-111.536],[-74.393,-106.501],[-77.268,-15.204],[4.539,-10.609]],"c":false}]},{"t":149,"s":[{"i":[[0,0],[-38.814,-63.964],[0,0],[33.825,49.765],[0,0],[0,0],[-20.582,-27.066],[0,0]],"o":[[0,0],[12.937,6.954],[0,0],[-33.826,-49.765],[0,0],[0,0],[32.802,43.137],[0,0]],"v":[[-4.574,-36.448],[83.017,170.74],[120.393,160.313],[69.318,-127.93],[-32.87,-111.536],[-87.982,-94.868],[-77.268,-15.204],[5.385,-7.212]],"c":false}]}],"ix":2},"nm":"Path 1","mn":"ADBE Vector Shape - Group","hd":false},{"ty":"st","c":{"a":0,"k":[0.102000000898,0.102000000898,0.102000000898,1],"ix":3,"x":"var $bm_rt;\n$bm_rt = thisComp.layer('Color Control').effect('Color 5')('Color');"},"o":{"a":0,"k":100,"ix":4},"w":{"a":0,"k":2,"ix":5},"lc":2,"lj":2,"bm":0,"nm":"Stroke 1","mn":"ADBE Vector Graphic - Stroke","hd":false},{"ty":"fl","c":{"a":0,"k":[1,1,1,1],"ix":4,"x":"var $bm_rt;\n$bm_rt = thisComp.layer('Color Control').effect('Color 2')('Color');"},"o":{"a":0,"k":100,"ix":5},"r":1,"bm":0,"nm":"Fill 1","mn":"ADBE Vector Graphic - Fill","hd":false},{"ty":"tr","p":{"a":0,"k":[967.162,629.068],"ix":2},"a":{"a":0,"k":[0,0],"ix":1},"s":{"a":0,"k":[100,100],"ix":3},"r":{"a":0,"k":0,"ix":6},"o":{"a":0,"k":100,"ix":7},"sk":{"a":0,"k":0,"ix":4},"sa":{"a":0,"k":0,"ix":5},"nm":"Transform"}],"nm":"Group 2","np":3,"cix":2,"bm":0,"ix":1,"mn":"ADBE Vector Group","hd":false},{"ty":"gr","it":[{"ty":"gr","it":[{"ind":0,"ty":"sh","ix":1,"ks":{"a":0,"k":{"i":[[0,0],[-5.99,-1.854],[-5.032,-2.086],[-8.864,-3.244],[-5.99,-2.78],[-5.511,-1.622]],"o":[[0,0],[5.989,1.854],[5.031,2.085],[8.865,3.245],[5.989,2.781],[0,0]],"v":[[-5.151,-9.503],[-10.901,3.94],[1.318,-6.025],[-0.599,6.258],[10.902,-3.708],[10.902,8.344]],"c":false},"ix":2},"nm":"Path 1","mn":"ADBE Vector Shape - Group","hd":false},{"ty":"st","c":{"a":0,"k":[0.102000000898,0.102000000898,0.102000000898,1],"ix":3,"x":"var $bm_rt;\n$bm_rt = thisComp.layer('Color Control').effect('Color 5')('Color');"},"o":{"a":0,"k":100,"ix":4},"w":{"a":0,"k":2,"ix":5},"lc":2,"lj":2,"bm":0,"nm":"Stroke 1","mn":"ADBE Vector Graphic - Stroke","hd":false},{"ty":"tr","p":{"a":0,"k":[1100.852,822.753],"ix":2},"a":{"a":0,"k":[0,0],"ix":1},"s":{"a":0,"k":[100,100],"ix":3},"r":{"a":0,"k":0,"ix":6},"o":{"a":0,"k":100,"ix":7},"sk":{"a":0,"k":0,"ix":4},"sa":{"a":0,"k":0,"ix":5},"nm":"Transform"}],"nm":"Group 1","np":2,"cix":2,"bm":0,"ix":1,"mn":"ADBE Vector Group","hd":false},{"ty":"gr","it":[{"ind":0,"ty":"sh","ix":1,"ks":{"a":0,"k":{"i":[[-7.646,3.526],[0,0],[0,0],[0,0]],"o":[[0,0],[0,0],[0,0],[8.627,1.225]],"v":[[14.432,3.12],[11.922,-9.195],[-14.432,-1.317],[-9.851,7.97]],"c":true},"ix":2},"nm":"Path 1","mn":"ADBE Vector Shape - Group","hd":false},{"ty":"st","c":{"a":0,"k":[0.102000000898,0.102000000898,0.102000000898,1],"ix":3,"x":"var $bm_rt;\n$bm_rt = thisComp.layer('Color Control').effect('Color 5')('Color');"},"o":{"a":0,"k":100,"ix":4},"w":{"a":0,"k":1,"ix":5},"lc":2,"lj":2,"bm":0,"nm":"Stroke 1","mn":"ADBE Vector Graphic - Stroke","hd":false},{"ty":"fl","c":{"a":0,"k":[0.109999997008,0.011999999776,0.067000003889,1],"ix":4,"x":"var $bm_rt;\n$bm_rt = thisComp.layer('Color Control').effect('Color 3')('Color');"},"o":{"a":0,"k":100,"ix":5},"r":1,"bm":0,"nm":"Fill 1","mn":"ADBE Vector Graphic - Fill","hd":false},{"ty":"tr","p":{"a":0,"k":[1068.285,797.649],"ix":2},"a":{"a":0,"k":[0,0],"ix":1},"s":{"a":0,"k":[100,100],"ix":3},"r":{"a":0,"k":0,"ix":6},"o":{"a":0,"k":100,"ix":7},"sk":{"a":0,"k":0,"ix":4},"sa":{"a":0,"k":0,"ix":5},"nm":"Transform"}],"nm":"Group 3","np":3,"cix":2,"bm":0,"ix":2,"mn":"ADBE Vector Group","hd":false},{"ty":"gr","it":[{"ind":0,"ty":"sh","ix":1,"ks":{"a":0,"k":{"i":[[8.627,1.226],[0,0],[-5.888,2.43],[0,0]],"o":[[0,0],[6.309,-1.786],[0,0],[-7.645,3.527]],"v":[[-13.88,-5.486],[-6.074,10.336],[13.88,6.739],[10.401,-10.336]],"c":true},"ix":2},"nm":"Path 1","mn":"ADBE Vector Shape - Group","hd":false},{"ty":"st","c":{"a":0,"k":[0.102000000898,0.102000000898,0.102000000898,1],"ix":3,"x":"var $bm_rt;\n$bm_rt = thisComp.layer('Color Control').effect('Color 5')('Color');"},"o":{"a":0,"k":100,"ix":4},"w":{"a":0,"k":2,"ix":5},"lc":2,"lj":2,"bm":0,"nm":"Stroke 1","mn":"ADBE Vector Graphic - Stroke","hd":false},{"ty":"fl","c":{"a":0,"k":[1,1,1,1],"ix":4,"x":"var $bm_rt;\n$bm_rt = thisComp.layer('Color Control').effect('Color 2')('Color');"},"o":{"a":0,"k":100,"ix":5},"r":1,"bm":0,"nm":"Fill 1","mn":"ADBE Vector Graphic - Fill","hd":false},{"ty":"tr","p":{"a":0,"k":[1072.315,811.104],"ix":2},"a":{"a":0,"k":[0,0],"ix":1},"s":{"a":0,"k":[100,100],"ix":3},"r":{"a":0,"k":0,"ix":6},"o":{"a":0,"k":100,"ix":7},"sk":{"a":0,"k":0,"ix":4},"sa":{"a":0,"k":0,"ix":5},"nm":"Transform"}],"nm":"Group 4","np":3,"cix":2,"bm":0,"ix":3,"mn":"ADBE Vector Group","hd":false},{"ty":"gr","it":[{"ind":0,"ty":"sh","ix":1,"ks":{"a":0,"k":{"i":[[6.54,-6.548],[-8.751,0.178],[0,0],[8.473,4.83],[0,0]],"o":[[0,0],[8.75,-0.179],[0,0],[-8.473,-4.83],[0,0]],"v":[[-31.857,-10.839],[-27.03,17.548],[34.187,13.859],[27.307,-1.632],[-9.177,-17.725]],"c":true},"ix":2},"nm":"Path 1","mn":"ADBE Vector Shape - Group","hd":false},{"ty":"st","c":{"a":0,"k":[0.102000000898,0.102000000898,0.102000000898,1],"ix":3,"x":"var $bm_rt;\n$bm_rt = thisComp.layer('Color Control').effect('Color 5')('Color');"},"o":{"a":0,"k":100,"ix":4},"w":{"a":0,"k":2,"ix":5},"lc":2,"lj":2,"bm":0,"nm":"Stroke 1","mn":"ADBE Vector Graphic - Stroke","hd":false},{"ty":"fl","c":{"a":0,"k":[1,1,1,1],"ix":4,"x":"var $bm_rt;\n$bm_rt = thisComp.layer('Color Control').effect('Color 2')('Color');"},"o":{"a":0,"k":100,"ix":5},"r":1,"bm":0,"nm":"Fill 1","mn":"ADBE Vector Graphic - Fill","hd":false},{"ty":"tr","p":{"a":0,"k":[1095.936,832.264],"ix":2},"a":{"a":0,"k":[0,0],"ix":1},"s":{"a":0,"k":[100,100],"ix":3},"r":{"a":0,"k":0,"ix":6},"o":{"a":0,"k":100,"ix":7},"sk":{"a":0,"k":0,"ix":4},"sa":{"a":0,"k":0,"ix":5},"nm":"Transform"}],"nm":"Group 5","np":3,"cix":2,"bm":0,"ix":4,"mn":"ADBE Vector Group","hd":false},{"ty":"tr","p":{"a":0,"k":[1092.047,819.133],"ix":2},"a":{"a":0,"k":[1092.047,819.133],"ix":1},"s":{"a":0,"k":[100,100],"ix":3},"r":{"a":0,"k":0,"ix":6},"o":{"a":0,"k":100,"ix":7},"sk":{"a":0,"k":0,"ix":4},"sa":{"a":0,"k":0,"ix":5},"nm":"Transform"}],"nm":"Group 3","np":4,"cix":2,"bm":0,"ix":2,"mn":"ADBE Vector Group","hd":false}],"ip":0,"op":150,"st":0,"bm":0},{"ddd":0,"ind":7,"ty":4,"nm":"Body","sr":1,"ks":{"o":{"a":0,"k":100,"ix":11},"r":{"a":1,"k":[{"i":{"x":[0.667],"y":[1]},"o":{"x":[0.333],"y":[0]},"t":0,"s":[-8]},{"i":{"x":[0.667],"y":[1]},"o":{"x":[0.333],"y":[0]},"t":30,"s":[0]},{"i":{"x":[0.667],"y":[1]},"o":{"x":[0.333],"y":[0]},"t":120,"s":[0]},{"t":149,"s":[-8]}],"ix":10},"p":{"a":0,"k":[600,600,0],"ix":2},"a":{"a":0,"k":[960,540,0],"ix":1},"s":{"a":0,"k":[100,100,100],"ix":6}},"ao":0,"shapes":[{"ty":"gr","it":[{"ind":0,"ty":"sh","ix":1,"ks":{"a":0,"k":{"i":[[0,0],[-3.174,5.203],[0,0]],"o":[[0,0],[0,0],[0,0]],"v":[[-22.332,4.823],[22.332,-4.823],[-19.19,0.211]],"c":true},"ix":2},"nm":"Path 1","mn":"ADBE Vector Shape - Group","hd":false},{"ty":"st","c":{"a":0,"k":[0.102000000898,0.102000000898,0.102000000898,1],"ix":3,"x":"var $bm_rt;\n$bm_rt = thisComp.layer('Color Control').effect('Color 5')('Color');"},"o":{"a":0,"k":100,"ix":4},"w":{"a":0,"k":1,"ix":5},"lc":2,"lj":2,"bm":0,"nm":"Stroke 1","mn":"ADBE Vector Graphic - Stroke","hd":false},{"ty":"fl","c":{"a":0,"k":[0.109999997008,0.011999999776,0.067000003889,1],"ix":4,"x":"var $bm_rt;\n$bm_rt = thisComp.layer('Color Control').effect('Color 3')('Color');"},"o":{"a":0,"k":100,"ix":5},"r":1,"bm":0,"nm":"Fill 1","mn":"ADBE Vector Graphic - Fill","hd":false},{"ty":"tr","p":{"a":0,"k":[911.959,522.355],"ix":2},"a":{"a":0,"k":[0,0],"ix":1},"s":{"a":0,"k":[100,100],"ix":3},"r":{"a":0,"k":0,"ix":6},"o":{"a":0,"k":100,"ix":7},"sk":{"a":0,"k":0,"ix":4},"sa":{"a":0,"k":0,"ix":5},"nm":"Transform"}],"nm":"Group 1","np":3,"cix":2,"bm":0,"ix":1,"mn":"ADBE Vector Group","hd":false},{"ty":"gr","it":[{"ind":0,"ty":"sh","ix":1,"ks":{"a":0,"k":{"i":[[0,0],[6.869,-9.884],[-25.875,-20.69],[0,0],[10.495,48.082]],"o":[[-33.488,-51.136],[-6.868,9.884],[25.876,20.689],[0,0],[0,0]],"v":[[47.265,-76.561],[-26.315,-86.445],[-61.695,107.008],[87.569,98.187],[70.286,3.126]],"c":false},"ix":2},"nm":"Path 1","mn":"ADBE Vector Shape - Group","hd":false},{"ty":"st","c":{"a":0,"k":[0,0,0,1],"ix":3,"x":"var $bm_rt;\n$bm_rt = thisComp.layer('Color Control').effect('Color 4')('Color');"},"o":{"a":0,"k":100,"ix":4},"w":{"a":0,"k":2,"ix":5},"lc":2,"lj":2,"bm":0,"nm":"Stroke 1","mn":"ADBE Vector Graphic - Stroke","hd":false},{"ty":"fl","c":{"a":0,"k":[1,0.505999995213,0.172999991623,1],"ix":4,"x":"var $bm_rt;\n$bm_rt = thisComp.layer('Color Control').effect('Color 1')('Color');"},"o":{"a":0,"k":100,"ix":5},"r":1,"bm":0,"nm":"Fill 1","mn":"ADBE Vector Graphic - Fill","hd":false},{"ty":"tr","p":{"a":0,"k":[954.464,415.559],"ix":2},"a":{"a":0,"k":[0,0],"ix":1},"s":{"a":0,"k":[100,100],"ix":3},"r":{"a":0,"k":0,"ix":6},"o":{"a":0,"k":100,"ix":7},"sk":{"a":0,"k":0,"ix":4},"sa":{"a":0,"k":0,"ix":5},"nm":"Transform"}],"nm":"Group 2","np":3,"cix":2,"bm":0,"ix":2,"mn":"ADBE Vector Group","hd":false}],"ip":0,"op":150,"st":0,"bm":0},{"ddd":0,"ind":8,"ty":4,"nm":"Leg","sr":1,"ks":{"o":{"a":0,"k":100,"ix":11},"r":{"a":0,"k":0,"ix":10},"p":{"a":0,"k":[600,600,0],"ix":2},"a":{"a":0,"k":[960,540,0],"ix":1},"s":{"a":0,"k":[100,100,100],"ix":6}},"ao":0,"shapes":[{"ty":"gr","it":[{"ind":0,"ty":"sh","ix":1,"ks":{"a":1,"k":[{"i":{"x":0.667,"y":1},"o":{"x":0.333,"y":0},"t":50,"s":[{"i":[[0,0],[-35.937,-35.29],[0,0],[12.938,0.696],[8.695,32.919],[28.75,16.687]],"o":[[0,0],[35.939,35.29],[0,0],[-32.56,-25.767],[-34.501,19.468],[0,0]],"v":[[-142.676,-92.292],[3.233,-80.303],[66.675,154.212],[45.018,167.897],[-49.236,-19.288],[-165.676,3.655]],"c":false}]},{"i":{"x":0.833,"y":1},"o":{"x":0.167,"y":0},"t":81,"s":[{"i":[[0,0],[-35.937,-35.29],[0,0],[12.938,0.696],[8.625,27.115],[28.75,16.687]],"o":[[0,0],[35.939,35.29],[0,0],[-32.344,0],[-34.501,19.468],[0,0]],"v":[[-142.676,-92.292],[3.233,-80.303],[165.675,98.212],[152.018,114.897],[-49.237,-19.288],[-165.676,3.655]],"c":false}]},{"t":110,"s":[{"i":[[0,0],[-35.937,-35.29],[0,0],[12.938,0.696],[8.695,32.919],[28.75,16.687]],"o":[[0,0],[35.939,35.29],[0,0],[-32.56,-25.767],[-34.501,19.468],[0,0]],"v":[[-142.676,-92.292],[3.233,-80.303],[66.675,154.212],[45.018,167.897],[-49.236,-19.288],[-165.676,3.655]],"c":false}]}],"ix":2},"nm":"Path 1","mn":"ADBE Vector Shape - Group","hd":false},{"ty":"st","c":{"a":0,"k":[0.102000000898,0.102000000898,0.102000000898,1],"ix":3,"x":"var $bm_rt;\n$bm_rt = thisComp.layer('Color Control').effect('Color 5')('Color');"},"o":{"a":0,"k":100,"ix":4},"w":{"a":0,"k":2,"ix":5},"lc":2,"lj":2,"bm":0,"nm":"Stroke 1","mn":"ADBE Vector Graphic - Stroke","hd":false},{"ty":"fl","c":{"a":0,"k":[1,1,1,1],"ix":4,"x":"var $bm_rt;\n$bm_rt = thisComp.layer('Color Control').effect('Color 2')('Color');"},"o":{"a":0,"k":100,"ix":5},"r":1,"bm":0,"nm":"Fill 1","mn":"ADBE Vector Graphic - Fill","hd":false},{"ty":"tr","p":{"a":0,"k":[1165.542,602.87],"ix":2},"a":{"a":0,"k":[0,0],"ix":1},"s":{"a":0,"k":[100,100],"ix":3},"r":{"a":0,"k":0,"ix":6},"o":{"a":0,"k":100,"ix":7},"sk":{"a":0,"k":0,"ix":4},"sa":{"a":0,"k":0,"ix":5},"nm":"Transform"}],"nm":"Group 3","np":3,"cix":2,"bm":0,"ix":1,"mn":"ADBE Vector Group","hd":false},{"ty":"gr","it":[{"ty":"gr","it":[{"ind":0,"ty":"sh","ix":1,"ks":{"a":0,"k":{"i":[[0,0],[0.369,-1.793],[-1.774,-0.634],[-0.787,1.048],[-0.047,1.294],[-0.195,1.282],[-0.869,0.322],[-0.322,-1.233],[-0.007,-1.753],[-1.811,0.07],[-0.027,1.551],[0.062,1.55],[-0.649,0.397],[-0.197,-1.222],[-0.153,-1.229],[-0.804,-0.343],[-0.332,1.357],[0.499,1.309]],"o":[[0.413,1.784],[-0.369,1.793],[1.256,0.449],[0.786,-1.049],[0.047,-1.295],[0.136,-0.889],[1.226,-0.456],[0.443,1.699],[0.007,1.752],[1.602,-0.062],[0.029,-1.552],[-0.03,-0.743],[1.082,-0.66],[0.198,1.222],[0.106,0.845],[1.32,0.563],[0.332,-1.358],[0,0]],"v":[[-10.888,-4.588],[-11.678,0.792],[-9.884,5.512],[-6.377,4.254],[-5.314,0.568],[-5.185,-3.314],[-3.793,-5.505],[-0.97,-3.531],[-1.126,1.698],[1.799,5.451],[4.428,2.089],[3.796,-2.518],[4.573,-4.507],[7.242,-2.741],[7.15,0.96],[8.513,3.01],[11.715,1.049],[11.042,-3.022]],"c":false},"ix":2},"nm":"Path 1","mn":"ADBE Vector Shape - Group","hd":false},{"ty":"st","c":{"a":0,"k":[0.102000000898,0.102000000898,0.102000000898,1],"ix":3,"x":"var $bm_rt;\n$bm_rt = thisComp.layer('Color Control').effect('Color 5')('Color');"},"o":{"a":0,"k":100,"ix":4},"w":{"a":0,"k":2,"ix":5},"lc":2,"lj":2,"bm":0,"nm":"Stroke 1","mn":"ADBE Vector Graphic - Stroke","hd":false},{"ty":"tr","p":{"a":0,"k":[1364.698,709.336],"ix":2},"a":{"a":0,"k":[0,0],"ix":1},"s":{"a":0,"k":[100,100],"ix":3},"r":{"a":0,"k":0,"ix":6},"o":{"a":0,"k":100,"ix":7},"sk":{"a":0,"k":0,"ix":4},"sa":{"a":0,"k":0,"ix":5},"nm":"Transform"}],"nm":"Group 2","np":2,"cix":2,"bm":0,"ix":1,"mn":"ADBE Vector Group","hd":false},{"ty":"gr","it":[{"ind":0,"ty":"sh","ix":1,"ks":{"a":0,"k":{"i":[[-1.824,4.588],[0.143,1.44],[0,0],[0,0],[0,0]],"o":[[0.446,-0.864],[0,0],[0,0],[0,0],[3.913,-3.34]],"v":[[11.803,-1.114],[12.844,-4.855],[4.988,-11.401],[-12.988,2.813],[3.248,11.401]],"c":true},"ix":2},"nm":"Path 1","mn":"ADBE Vector Shape - Group","hd":false},{"ty":"st","c":{"a":0,"k":[0.102000000898,0.102000000898,0.102000000898,1],"ix":3,"x":"var $bm_rt;\n$bm_rt = thisComp.layer('Color Control').effect('Color 5')('Color');"},"o":{"a":0,"k":100,"ix":4},"w":{"a":0,"k":1,"ix":5},"lc":2,"lj":2,"bm":0,"nm":"Stroke 1","mn":"ADBE Vector Graphic - Stroke","hd":false},{"ty":"fl","c":{"a":0,"k":[0.109999997008,0.011999999776,0.067000003889,1],"ix":4,"x":"var $bm_rt;\n$bm_rt = thisComp.layer('Color Control').effect('Color 3')('Color');"},"o":{"a":0,"k":100,"ix":5},"r":1,"bm":0,"nm":"Fill 1","mn":"ADBE Vector Graphic - Fill","hd":false},{"ty":"tr","p":{"a":0,"k":[1321.763,711.478],"ix":2},"a":{"a":0,"k":[0,0],"ix":1},"s":{"a":0,"k":[100,100],"ix":3},"r":{"a":0,"k":0,"ix":6},"o":{"a":0,"k":100,"ix":7},"sk":{"a":0,"k":0,"ix":4},"sa":{"a":0,"k":0,"ix":5},"nm":"Transform"}],"nm":"Group 4","np":3,"cix":2,"bm":0,"ix":2,"mn":"ADBE Vector Group","hd":false},{"ty":"gr","it":[{"ind":0,"ty":"sh","ix":1,"ks":{"a":0,"k":{"i":[[0,0],[0.446,-0.864],[3.913,-3.34],[0,0],[-4.006,4.819]],"o":[[0.143,1.44],[-1.824,4.588],[0,0],[5.604,-2.347],[0,0]],"v":[[1.087,-8.998],[0.046,-5.256],[-8.51,7.258],[-5.219,8.998],[8.51,-2.813]],"c":true},"ix":2},"nm":"Path 1","mn":"ADBE Vector Shape - Group","hd":false},{"ty":"st","c":{"a":0,"k":[0.102000000898,0.102000000898,0.102000000898,1],"ix":3,"x":"var $bm_rt;\n$bm_rt = thisComp.layer('Color Control').effect('Color 5')('Color');"},"o":{"a":0,"k":100,"ix":4},"w":{"a":0,"k":2,"ix":5},"lc":2,"lj":2,"bm":0,"nm":"Stroke 1","mn":"ADBE Vector Graphic - Stroke","hd":false},{"ty":"fl","c":{"a":0,"k":[1,1,1,1],"ix":4,"x":"var $bm_rt;\n$bm_rt = thisComp.layer('Color Control').effect('Color 2')('Color');"},"o":{"a":0,"k":100,"ix":5},"r":1,"bm":0,"nm":"Fill 1","mn":"ADBE Vector Graphic - Fill","hd":false},{"ty":"tr","p":{"a":0,"k":[1333.521,715.62],"ix":2},"a":{"a":0,"k":[0,0],"ix":1},"s":{"a":0,"k":[100,100],"ix":3},"r":{"a":0,"k":0,"ix":6},"o":{"a":0,"k":100,"ix":7},"sk":{"a":0,"k":0,"ix":4},"sa":{"a":0,"k":0,"ix":5},"nm":"Transform"}],"nm":"Group 5","np":3,"cix":2,"bm":0,"ix":3,"mn":"ADBE Vector Group","hd":false},{"ty":"gr","it":[{"ind":0,"ty":"sh","ix":1,"ks":{"a":0,"k":{"i":[[2.473,-8.785],[-7.58,4.231],[0,0],[9.831,0.287],[0,0]],"o":[[0,0],[7.58,-4.233],[0,0],[-9.831,-0.288],[0,0]],"v":[[-35.089,-3.544],[-16.729,19.087],[35.089,-12.655],[21.349,-23.029],[-18.639,-20.142]],"c":true},"ix":2},"nm":"Path 1","mn":"ADBE Vector Shape - Group","hd":false},{"ty":"st","c":{"a":0,"k":[0.102000000898,0.102000000898,0.102000000898,1],"ix":3,"x":"var $bm_rt;\n$bm_rt = thisComp.layer('Color Control').effect('Color 5')('Color');"},"o":{"a":0,"k":100,"ix":4},"w":{"a":0,"k":2,"ix":5},"lc":2,"lj":2,"bm":0,"nm":"Stroke 1","mn":"ADBE Vector Graphic - Stroke","hd":false},{"ty":"fl","c":{"a":0,"k":[1,1,1,1],"ix":4,"x":"var $bm_rt;\n$bm_rt = thisComp.layer('Color Control').effect('Color 2')('Color');"},"o":{"a":0,"k":100,"ix":5},"r":1,"bm":0,"nm":"Fill 1","mn":"ADBE Vector Graphic - Fill","hd":false},{"ty":"tr","p":{"a":0,"k":[1362.799,730.26],"ix":2},"a":{"a":0,"k":[0,0],"ix":1},"s":{"a":0,"k":[100,100],"ix":3},"r":{"a":0,"k":0,"ix":6},"o":{"a":0,"k":100,"ix":7},"sk":{"a":0,"k":0,"ix":4},"sa":{"a":0,"k":0,"ix":5},"nm":"Transform"}],"nm":"Group 6","np":3,"cix":2,"bm":0,"ix":4,"mn":"ADBE Vector Group","hd":false},{"ty":"tr","p":{"a":1,"k":[{"i":{"x":0.667,"y":1},"o":{"x":0.333,"y":0},"t":50,"s":[1221.332,759.438],"to":[16.833,-9],"ti":[0,0]},{"i":{"x":0.833,"y":1},"o":{"x":0.167,"y":0},"t":81,"s":[1322.332,705.438],"to":[0,0],"ti":[16.833,-9]},{"t":110,"s":[1221.332,759.438]}],"ix":2},"a":{"a":0,"k":[1321.332,705.938],"ix":1},"s":{"a":0,"k":[100,100],"ix":3},"r":{"a":1,"k":[{"i":{"x":[0.667],"y":[1]},"o":{"x":[0.333],"y":[0]},"t":50,"s":[32]},{"i":{"x":[0.833],"y":[1]},"o":{"x":[0.167],"y":[0]},"t":81,"s":[0]},{"t":110,"s":[32]}],"ix":6},"o":{"a":0,"k":100,"ix":7},"sk":{"a":0,"k":0,"ix":4},"sa":{"a":0,"k":0,"ix":5},"nm":"Transform"}],"nm":"Group 4","np":4,"cix":2,"bm":0,"ix":2,"mn":"ADBE Vector Group","hd":false}],"ip":0,"op":150,"st":0,"bm":0},{"ddd":0,"ind":9,"ty":4,"nm":"Arm","parent":7,"sr":1,"ks":{"o":{"a":0,"k":100,"ix":11},"r":{"a":0,"k":0,"ix":10},"p":{"a":0,"k":[995.894,337.404,0],"ix":2},"a":{"a":0,"k":[995.894,337.404,0],"ix":1},"s":{"a":0,"k":[100,100,100],"ix":6}},"ao":0,"shapes":[{"ty":"gr","it":[{"ind":0,"ty":"sh","ix":1,"ks":{"a":0,"k":{"i":[[-10.071,2.293],[-9.584,-29.665],[0,0],[9.834,24.473]],"o":[[0,0],[0,0],[0,0],[-20.47,-50.94]],"v":[[-41.764,-88.094],[61.917,99.684],[23.052,96],[-25.313,19.726]],"c":true},"ix":2},"nm":"Path 1","mn":"ADBE Vector Shape - Group","hd":false},{"ty":"st","c":{"a":0,"k":[0,0,0,1],"ix":3,"x":"var $bm_rt;\n$bm_rt = thisComp.layer('Color Control').effect('Color 4')('Color');"},"o":{"a":0,"k":100,"ix":4},"w":{"a":0,"k":2,"ix":5},"lc":2,"lj":2,"bm":0,"nm":"Stroke 1","mn":"ADBE Vector Graphic - Stroke","hd":false},{"ty":"fl","c":{"a":0,"k":[1,0.505999995213,0.172999991623,1],"ix":4,"x":"var $bm_rt;\n$bm_rt = thisComp.layer('Color Control').effect('Color 1')('Color');"},"o":{"a":0,"k":100,"ix":5},"r":1,"bm":0,"nm":"Fill 1","mn":"ADBE Vector Graphic - Fill","hd":false},{"ty":"tr","p":{"a":0,"k":[1042.429,425.497],"ix":2},"a":{"a":0,"k":[0,0],"ix":1},"s":{"a":0,"k":[100,100],"ix":3},"r":{"a":0,"k":0,"ix":6},"o":{"a":0,"k":100,"ix":7},"sk":{"a":0,"k":0,"ix":4},"sa":{"a":0,"k":0,"ix":5},"nm":"Transform"}],"nm":"Group 1","np":3,"cix":2,"bm":0,"ix":1,"mn":"ADBE Vector Group","hd":false}],"ip":0,"op":150,"st":0,"bm":0}]},{"id":"comp_1","layers":[{"ddd":0,"ind":1,"ty":4,"nm":"Color Control","sr":1,"ks":{"o":{"a":0,"k":100,"ix":11},"r":{"a":0,"k":0,"ix":10},"p":{"a":0,"k":[600,600,0],"ix":2},"a":{"a":0,"k":[0,0,0],"ix":1},"s":{"a":0,"k":[100,100,100],"ix":6}},"ao":0,"ef":[{"ty":5,"nm":"Color 1","np":3,"mn":"ADBE Color Control","ix":1,"en":1,"ef":[{"ty":2,"nm":"Color","mn":"ADBE Color Control-0001","ix":1,"v":{"a":0,"k":[1,0.505882382393,0.172549024224,1],"ix":1}}]},{"ty":5,"nm":"Color 2","np":3,"mn":"ADBE Color Control","ix":2,"en":1,"ef":[{"ty":2,"nm":"Color","mn":"ADBE Color Control-0001","ix":1,"v":{"a":0,"k":[0.109803929925,0.011764707044,0.066666670144,1],"ix":1}}]},{"ty":5,"nm":"Color 3","np":3,"mn":"ADBE Color Control","ix":3,"en":1,"ef":[{"ty":2,"nm":"Color","mn":"ADBE Color Control-0001","ix":1,"v":{"a":0,"k":[0,0,0,1],"ix":1}}]},{"ty":5,"nm":"Color 4","np":3,"mn":"ADBE Color Control","ix":4,"en":1,"ef":[{"ty":2,"nm":"Color","mn":"ADBE Color Control-0001","ix":1,"v":{"a":0,"k":[1,1,1,1],"ix":1}}]},{"ty":5,"nm":"Color 5","np":3,"mn":"ADBE Color Control","ix":5,"en":1,"ef":[{"ty":2,"nm":"Color","mn":"ADBE Color Control-0001","ix":1,"v":{"a":0,"k":[0.101960793138,0.101960793138,0.101960793138,1],"ix":1}}]}],"shapes":[],"ip":0,"op":150,"st":0,"bm":0},{"ddd":0,"ind":2,"ty":4,"nm":"Pen","sr":1,"ks":{"o":{"a":0,"k":100,"ix":11},"r":{"a":1,"k":[{"i":{"x":[0.667],"y":[1]},"o":{"x":[0.333],"y":[0]},"t":0,"s":[-1]},{"i":{"x":[0.667],"y":[1]},"o":{"x":[0.333],"y":[0]},"t":37.25,"s":[3]},{"i":{"x":[0.667],"y":[1]},"o":{"x":[0.333],"y":[0]},"t":74.5,"s":[-1]},{"i":{"x":[0.667],"y":[1]},"o":{"x":[0.333],"y":[0]},"t":111.75,"s":[3]},{"t":149,"s":[-1]}],"ix":10},"p":{"a":0,"k":[538.006,879.034,0],"ix":2},"a":{"a":0,"k":[898.006,819.034,0],"ix":1},"s":{"a":0,"k":[100,100,100],"ix":6}},"ao":0,"shapes":[{"ty":"gr","it":[{"ind":0,"ty":"sh","ix":1,"ks":{"a":0,"k":{"i":[[0,0],[0.808,-0.224],[4.741,0.196],[0,0]],"o":[[-0.625,0.356],[-4.742,1.433],[0,0],[0,0]],"v":[[6.749,-16.198],[4.612,-15.318],[-9.613,-14.083],[9.613,16.198]],"c":true},"ix":2},"nm":"Path 1","mn":"ADBE Vector Shape - Group","hd":false},{"ty":"st","c":{"a":0,"k":[0.102000000898,0.102000000898,0.102000000898,1],"ix":3,"x":"var $bm_rt;\n$bm_rt = thisComp.layer('Color Control').effect('Color 5')('Color');"},"o":{"a":0,"k":100,"ix":4},"w":{"a":0,"k":1,"ix":5},"lc":2,"lj":2,"bm":0,"nm":"Stroke 1","mn":"ADBE Vector Graphic - Stroke","hd":false},{"ty":"fl","c":{"a":0,"k":[0.109999997008,0.011999999776,0.067000003889,1],"ix":4,"x":"var $bm_rt;\n$bm_rt = thisComp.layer('Color Control').effect('Color 2')('Color');"},"o":{"a":0,"k":100,"ix":5},"r":1,"bm":0,"nm":"Fill 1","mn":"ADBE Vector Graphic - Fill","hd":false},{"ty":"tr","p":{"a":0,"k":[888.393,802.836],"ix":2},"a":{"a":0,"k":[0,0],"ix":1},"s":{"a":0,"k":[100,100],"ix":3},"r":{"a":0,"k":0,"ix":6},"o":{"a":0,"k":100,"ix":7},"sk":{"a":0,"k":0,"ix":4},"sa":{"a":0,"k":0,"ix":5},"nm":"Transform"}],"nm":"Group 1","np":3,"cix":2,"bm":0,"ix":1,"mn":"ADBE Vector Group","hd":false},{"ty":"gr","it":[{"ind":0,"ty":"sh","ix":1,"ks":{"a":0,"k":{"i":[[0,0],[10.905,-5.74],[0,0],[0,0],[-4.742,1.433],[-0.626,0.357],[0,0]],"o":[[-12.246,1.851],[0,0],[0,0],[4.741,0.196],[0.808,-0.224],[0,0],[0,0]],"v":[[9.622,-45.506],[-25.422,-32.385],[-17.306,3.786],[9.059,45.308],[23.284,44.073],[25.421,43.193],[21.02,-6.593]],"c":true},"ix":2},"nm":"Path 1","mn":"ADBE Vector Shape - Group","hd":false},{"ty":"st","c":{"a":0,"k":[0,0,0,1],"ix":3,"x":"var $bm_rt;\n$bm_rt = thisComp.layer('Color Control').effect('Color 3')('Color');"},"o":{"a":0,"k":100,"ix":4},"w":{"a":0,"k":2,"ix":5},"lc":2,"lj":2,"bm":0,"nm":"Stroke 1","mn":"ADBE Vector Graphic - Stroke","hd":false},{"ty":"fl","c":{"a":0,"k":[1,0.505999995213,0.172999991623,1],"ix":4,"x":"var $bm_rt;\n$bm_rt = thisComp.layer('Color Control').effect('Color 1')('Color');"},"o":{"a":0,"k":100,"ix":5},"r":1,"bm":0,"nm":"Fill 1","mn":"ADBE Vector Graphic - Fill","hd":false},{"ty":"tr","p":{"a":0,"k":[869.721,743.445],"ix":2},"a":{"a":0,"k":[0,0],"ix":1},"s":{"a":0,"k":[100,100],"ix":3},"r":{"a":0,"k":0,"ix":6},"o":{"a":0,"k":100,"ix":7},"sk":{"a":0,"k":0,"ix":4},"sa":{"a":0,"k":0,"ix":5},"nm":"Transform"}],"nm":"Group 2","np":3,"cix":2,"bm":0,"ix":2,"mn":"ADBE Vector Group","hd":false},{"ty":"gr","it":[{"ind":0,"ty":"sh","ix":1,"ks":{"a":0,"k":{"i":[[0,0],[10.017,-3.029],[1.305,-1.414],[0,0],[-12.246,1.85]],"o":[[-10.081,2.403],[-1.782,0.862],[0,0],[10.905,-5.74],[0,0]],"v":[[15.845,-11.295],[-14.086,-1.948],[-18.619,1.518],[-16.425,11.295],[18.619,-1.826]],"c":true},"ix":2},"nm":"Path 1","mn":"ADBE Vector Shape - Group","hd":false},{"ty":"st","c":{"a":0,"k":[0.102000000898,0.102000000898,0.102000000898,1],"ix":3,"x":"var $bm_rt;\n$bm_rt = thisComp.layer('Color Control').effect('Color 5')('Color');"},"o":{"a":0,"k":100,"ix":4},"w":{"a":0,"k":2,"ix":5},"lc":2,"lj":2,"bm":0,"nm":"Stroke 1","mn":"ADBE Vector Graphic - Stroke","hd":false},{"ty":"fl","c":{"a":0,"k":[1,1,1,1],"ix":4,"x":"var $bm_rt;\n$bm_rt = thisComp.layer('Color Control').effect('Color 4')('Color');"},"o":{"a":0,"k":100,"ix":5},"r":1,"bm":0,"nm":"Fill 1","mn":"ADBE Vector Graphic - Fill","hd":false},{"ty":"tr","p":{"a":0,"k":[860.724,699.765],"ix":2},"a":{"a":0,"k":[0,0],"ix":1},"s":{"a":0,"k":[100,100],"ix":3},"r":{"a":0,"k":0,"ix":6},"o":{"a":0,"k":100,"ix":7},"sk":{"a":0,"k":0,"ix":4},"sa":{"a":0,"k":0,"ix":5},"nm":"Transform"}],"nm":"Group 3","np":3,"cix":2,"bm":0,"ix":3,"mn":"ADBE Vector Group","hd":false},{"ty":"gr","it":[{"ind":0,"ty":"sh","ix":1,"ks":{"a":0,"k":{"i":[[-1.783,0.862],[-10.081,2.404],[0,0],[7.398,-9.01],[0,0]],"o":[[10.017,-3.028],[0,0],[-13.272,1.082],[0,0],[1.304,-1.414]],"v":[[-11.866,6.373],[18.065,-2.974],[16.053,-9.84],[-18.065,2.414],[-16.399,9.84]],"c":true},"ix":2},"nm":"Path 1","mn":"ADBE Vector Shape - Group","hd":false},{"ty":"st","c":{"a":0,"k":[0.102000000898,0.102000000898,0.102000000898,1],"ix":3,"x":"var $bm_rt;\n$bm_rt = thisComp.layer('Color Control').effect('Color 5')('Color');"},"o":{"a":0,"k":100,"ix":4},"w":{"a":0,"k":2,"ix":5},"lc":2,"lj":2,"bm":0,"nm":"Stroke 1","mn":"ADBE Vector Graphic - Stroke","hd":false},{"ty":"fl","c":{"a":0,"k":[1,1,1,1],"ix":4,"x":"var $bm_rt;\n$bm_rt = thisComp.layer('Color Control').effect('Color 4')('Color');"},"o":{"a":0,"k":100,"ix":5},"r":1,"bm":0,"nm":"Fill 1","mn":"ADBE Vector Graphic - Fill","hd":false},{"ty":"tr","p":{"a":0,"k":[858.505,691.443],"ix":2},"a":{"a":0,"k":[0,0],"ix":1},"s":{"a":0,"k":[100,100],"ix":3},"r":{"a":0,"k":0,"ix":6},"o":{"a":0,"k":100,"ix":7},"sk":{"a":0,"k":0,"ix":4},"sa":{"a":0,"k":0,"ix":5},"nm":"Transform"}],"nm":"Group 4","np":3,"cix":2,"bm":0,"ix":4,"mn":"ADBE Vector Group","hd":false},{"ty":"gr","it":[{"ind":0,"ty":"sh","ix":1,"ks":{"a":0,"k":{"i":[[-13.272,1.082],[0,0],[9.463,-7.691],[0,0]],"o":[[0,0],[-12.125,1.997],[0,0],[7.398,-9.01]],"v":[[17.827,-1.971],[15.393,-10.283],[-17.827,3.44],[-16.291,10.283]],"c":true},"ix":2},"nm":"Path 1","mn":"ADBE Vector Shape - Group","hd":false},{"ty":"st","c":{"a":0,"k":[0.102000000898,0.102000000898,0.102000000898,1],"ix":3,"x":"var $bm_rt;\n$bm_rt = thisComp.layer('Color Control').effect('Color 5')('Color');"},"o":{"a":0,"k":100,"ix":4},"w":{"a":0,"k":2,"ix":5},"lc":2,"lj":2,"bm":0,"nm":"Stroke 1","mn":"ADBE Vector Graphic - Stroke","hd":false},{"ty":"fl","c":{"a":0,"k":[1,1,1,1],"ix":4,"x":"var $bm_rt;\n$bm_rt = thisComp.layer('Color Control').effect('Color 4')('Color');"},"o":{"a":0,"k":100,"ix":5},"r":1,"bm":0,"nm":"Fill 1","mn":"ADBE Vector Graphic - Fill","hd":false},{"ty":"tr","p":{"a":0,"k":[856.731,683.575],"ix":2},"a":{"a":0,"k":[0,0],"ix":1},"s":{"a":0,"k":[100,100],"ix":3},"r":{"a":0,"k":0,"ix":6},"o":{"a":0,"k":100,"ix":7},"sk":{"a":0,"k":0,"ix":4},"sa":{"a":0,"k":0,"ix":5},"nm":"Transform"}],"nm":"Group 5","np":3,"cix":2,"bm":0,"ix":5,"mn":"ADBE Vector Group","hd":false},{"ty":"gr","it":[{"ind":0,"ty":"sh","ix":1,"ks":{"a":0,"k":{"i":[[-12.125,1.996],[0,0],[3.474,-3.569],[1.686,-2.376],[0,0]],"o":[[0,0],[-4.773,1.521],[-2.167,2.096],[0,0],[9.463,-7.692]],"v":[[40.67,100.643],[-22.309,-114.366],[-34.913,-106.819],[-40.67,-100.095],[7.45,114.365]],"c":true},"ix":2},"nm":"Path 1","mn":"ADBE Vector Shape - Group","hd":false},{"ty":"st","c":{"a":0,"k":[0.102000000898,0.102000000898,0.102000000898,1],"ix":3,"x":"var $bm_rt;\n$bm_rt = thisComp.layer('Color Control').effect('Color 5')('Color');"},"o":{"a":0,"k":100,"ix":4},"w":{"a":0,"k":2,"ix":5},"lc":2,"lj":2,"bm":0,"nm":"Stroke 1","mn":"ADBE Vector Graphic - Stroke","hd":false},{"ty":"fl","c":{"a":0,"k":[1,1,1,1],"ix":4,"x":"var $bm_rt;\n$bm_rt = thisComp.layer('Color Control').effect('Color 4')('Color');"},"o":{"a":0,"k":100,"ix":5},"r":1,"bm":0,"nm":"Fill 1","mn":"ADBE Vector Graphic - Fill","hd":false},{"ty":"tr","p":{"a":0,"k":[831.454,572.65],"ix":2},"a":{"a":0,"k":[0,0],"ix":1},"s":{"a":0,"k":[100,100],"ix":3},"r":{"a":0,"k":0,"ix":6},"o":{"a":0,"k":100,"ix":7},"sk":{"a":0,"k":0,"ix":4},"sa":{"a":0,"k":0,"ix":5},"nm":"Transform"}],"nm":"Group 6","np":3,"cix":2,"bm":0,"ix":6,"mn":"ADBE Vector Group","hd":false},{"ty":"gr","it":[{"ind":0,"ty":"sh","ix":1,"ks":{"a":0,"k":{"i":[[-4.773,1.521],[0,0],[2.795,-6.561],[0,0],[-2.167,2.096]],"o":[[0,0],[-8.284,-3.546],[0,0],[1.686,-2.376],[3.473,-3.569]],"v":[[16.453,21.859],[0.505,-32.584],[-16.453,-28.687],[-1.909,36.13],[3.849,29.406]],"c":true},"ix":2},"nm":"Path 1","mn":"ADBE Vector Shape - Group","hd":false},{"ty":"st","c":{"a":0,"k":[0.102000000898,0.102000000898,0.102000000898,1],"ix":3,"x":"var $bm_rt;\n$bm_rt = thisComp.layer('Color Control').effect('Color 5')('Color');"},"o":{"a":0,"k":100,"ix":4},"w":{"a":0,"k":1,"ix":5},"lc":2,"lj":2,"bm":0,"nm":"Stroke 1","mn":"ADBE Vector Graphic - Stroke","hd":false},{"ty":"fl","c":{"a":0,"k":[0.109999997008,0.011999999776,0.067000003889,1],"ix":4,"x":"var $bm_rt;\n$bm_rt = thisComp.layer('Color Control').effect('Color 2')('Color');"},"o":{"a":0,"k":100,"ix":5},"r":1,"bm":0,"nm":"Fill 1","mn":"ADBE Vector Graphic - Fill","hd":false},{"ty":"tr","p":{"a":0,"k":[792.693,436.425],"ix":2},"a":{"a":0,"k":[0,0],"ix":1},"s":{"a":0,"k":[100,100],"ix":3},"r":{"a":0,"k":0,"ix":6},"o":{"a":0,"k":100,"ix":7},"sk":{"a":0,"k":0,"ix":4},"sa":{"a":0,"k":0,"ix":5},"nm":"Transform"}],"nm":"Group 7","np":3,"cix":2,"bm":0,"ix":7,"mn":"ADBE Vector Group","hd":false}],"ip":0,"op":150,"st":0,"bm":0},{"ddd":0,"ind":3,"ty":4,"nm":"Gear","sr":1,"ks":{"o":{"a":0,"k":100,"ix":11},"r":{"a":0,"k":0,"ix":10,"x":"var $bm_rt;\n$bm_rt = $bm_mul(time, 60);"},"p":{"a":0,"k":[358.563,573.591,0],"ix":2},"a":{"a":0,"k":[718.563,513.591,0],"ix":1},"s":{"a":0,"k":[100,100,100],"ix":6}},"ao":0,"shapes":[{"ty":"gr","it":[{"ind":0,"ty":"sh","ix":1,"ks":{"a":0,"k":{"i":[[14.973,0],[0,14.478],[-14.968,0],[0,-14.478]],"o":[[-14.968,0],[0,-14.478],[14.973,0],[0,14.478]],"v":[[-0.003,26.22],[-27.104,0],[-0.003,-26.22],[27.103,0]],"c":true},"ix":2},"nm":"Path 1","mn":"ADBE Vector Shape - Group","hd":false},{"ind":1,"ty":"sh","ix":2,"ks":{"a":0,"k":{"i":[[0,0],[-0.174,6.431],[0,0],[1.572,3.373],[0,0],[5.092,4.137],[0,0],[3.705,0.915],[0,0],[6.518,-1.268],[0,0],[3.052,-2.232],[0,0],[3.036,-5.72],[0,0],[0.097,-3.694],[0,0],[-2.726,-5.863],[0,0],[-2.927,-2.378],[0,0],[-6.441,-1.59],[0,0],[-3.749,0.732],[0,0],[-5.306,3.879],[0,0],[-1.746,3.289]],"o":[[0.168,-6.426],[0,0],[-1.567,-3.369],[0,0],[-5.093,-4.137],[0,0],[-3.706,-0.916],[0,0],[-6.518,1.269],[0,0],[-3.047,2.231],[0,0],[-3.037,5.72],[0,0],[-0.098,3.695],[0,0],[2.732,5.863],[0,0],[2.927,2.379],[0,0],[6.442,1.595],[0,0],[3.749,-0.732],[0,0],[5.299,-3.879],[0,0],[1.747,-3.289],[0,0]],"v":[[54.944,8.126],[55.292,-5.058],[38.605,-11.91],[34.519,-20.683],[40.27,-37.309],[29.829,-45.793],[13.893,-37.446],[4.252,-39.824],[-5.602,-54.54],[-18.97,-51.935],[-22.164,-34.677],[-30.096,-28.872],[-48.132,-30.593],[-54.357,-18.863],[-42.398,-5.684],[-42.653,3.931],[-55.293,16.499],[-49.694,28.525],[-31.587,27.699],[-23.97,33.887],[-21.69,51.276],[-8.48,54.54],[2.135,40.335],[11.891,38.429],[27.37,47.551],[38.241,39.598],[33.376,22.704],[37.919,14.147]],"c":true},"ix":2},"nm":"Path 2","mn":"ADBE Vector Shape - Group","hd":false},{"ty":"mm","mm":1,"nm":"Merge Paths 1","mn":"ADBE Vector Filter - Merge","hd":false},{"ty":"st","c":{"a":0,"k":[0.102000000898,0.102000000898,0.102000000898,1],"ix":3,"x":"var $bm_rt;\n$bm_rt = thisComp.layer('Color Control').effect('Color 5')('Color');"},"o":{"a":0,"k":100,"ix":4},"w":{"a":0,"k":2,"ix":5},"lc":2,"lj":2,"bm":0,"nm":"Stroke 1","mn":"ADBE Vector Graphic - Stroke","hd":false},{"ty":"fl","c":{"a":0,"k":[0.109999997008,0.011999999776,0.067000003889,1],"ix":4,"x":"var $bm_rt;\n$bm_rt = thisComp.layer('Color Control').effect('Color 2')('Color');"},"o":{"a":0,"k":100,"ix":5},"r":1,"bm":0,"nm":"Fill 1","mn":"ADBE Vector Graphic - Fill","hd":false},{"ty":"tr","p":{"a":0,"k":[718.563,513.591],"ix":2},"a":{"a":0,"k":[0,0],"ix":1},"s":{"a":0,"k":[100,100],"ix":3},"r":{"a":0,"k":0,"ix":6},"o":{"a":0,"k":100,"ix":7},"sk":{"a":0,"k":0,"ix":4},"sa":{"a":0,"k":0,"ix":5},"nm":"Transform"}],"nm":"Group 1","np":5,"cix":2,"bm":0,"ix":1,"mn":"ADBE Vector Group","hd":false}],"ip":0,"op":150,"st":0,"bm":0},{"ddd":0,"ind":4,"ty":4,"nm":"Background","sr":1,"ks":{"o":{"a":0,"k":100,"ix":11},"r":{"a":0,"k":0,"ix":10},"p":{"a":0,"k":[600,600,0],"ix":2},"a":{"a":0,"k":[960,540,0],"ix":1},"s":{"a":0,"k":[100,100,100],"ix":6}},"ao":0,"shapes":[{"ty":"gr","it":[{"ind":0,"ty":"sh","ix":1,"ks":{"a":0,"k":{"i":[[0,0],[-36.897,-9.933]],"o":[[0,0],[0,0]],"v":[[-49.115,-69.891],[49.115,69.891]],"c":false},"ix":2},"nm":"Path 1","mn":"ADBE Vector Shape - Group","hd":false},{"ty":"st","c":{"a":0,"k":[0.102000000898,0.102000000898,0.102000000898,1],"ix":3,"x":"var $bm_rt;\n$bm_rt = thisComp.layer('Color Control').effect('Color 5')('Color');"},"o":{"a":0,"k":100,"ix":4},"w":{"a":0,"k":2,"ix":5},"lc":2,"lj":2,"bm":0,"nm":"Stroke 1","mn":"ADBE Vector Graphic - Stroke","hd":false},{"ty":"fl","c":{"a":0,"k":[1,1,1,1],"ix":4,"x":"var $bm_rt;\n$bm_rt = thisComp.layer('Color Control').effect('Color 4')('Color');"},"o":{"a":0,"k":100,"ix":5},"r":1,"bm":0,"nm":"Fill 1","mn":"ADBE Vector Graphic - Fill","hd":false},{"ty":"tr","p":{"a":0,"k":[599.034,730.878],"ix":2},"a":{"a":0,"k":[0,0],"ix":1},"s":{"a":0,"k":[100,100],"ix":3},"r":{"a":0,"k":0,"ix":6},"o":{"a":0,"k":100,"ix":7},"sk":{"a":0,"k":0,"ix":4},"sa":{"a":0,"k":0,"ix":5},"nm":"Transform"}],"nm":"Group 1","np":3,"cix":2,"bm":0,"ix":1,"mn":"ADBE Vector Group","hd":false},{"ty":"gr","it":[{"ind":0,"ty":"sh","ix":1,"ks":{"a":0,"k":{"i":[[-1.277,90.719],[0,0],[-323.445,15.296],[-15.814,103.539]],"o":[[0,0],[0,0],[77.627,59.793],[57.501,24.39]],"v":[[523.341,-76.256],[-425.43,-76.256],[-199.896,-14.017],[307.552,-27.283]],"c":true},"ix":2},"nm":"Path 1","mn":"ADBE Vector Shape - Group","hd":false},{"ty":"st","c":{"a":0,"k":[0.102000000898,0.102000000898,0.102000000898,1],"ix":3,"x":"var $bm_rt;\n$bm_rt = thisComp.layer('Color Control').effect('Color 5')('Color');"},"o":{"a":0,"k":100,"ix":4},"w":{"a":0,"k":2,"ix":5},"lc":2,"lj":2,"bm":0,"nm":"Stroke 1","mn":"ADBE Vector Graphic - Stroke","hd":false},{"ty":"fl","c":{"a":0,"k":[1,1,1,1],"ix":4,"x":"var $bm_rt;\n$bm_rt = thisComp.layer('Color Control').effect('Color 4')('Color');"},"o":{"a":0,"k":100,"ix":5},"r":1,"bm":0,"nm":"Fill 1","mn":"ADBE Vector Graphic - Fill","hd":false},{"ty":"tr","p":{"a":0,"k":[918.006,877.095],"ix":2},"a":{"a":0,"k":[0,0],"ix":1},"s":{"a":0,"k":[100,100],"ix":3},"r":{"a":0,"k":0,"ix":6},"o":{"a":0,"k":100,"ix":7},"sk":{"a":0,"k":0,"ix":4},"sa":{"a":0,"k":0,"ix":5},"nm":"Transform"}],"nm":"Group 2","np":3,"cix":2,"bm":0,"ix":2,"mn":"ADBE Vector Group","hd":false},{"ty":"gr","it":[{"ind":0,"ty":"sh","ix":1,"ks":{"a":0,"k":{"i":[[0,0],[0,0],[0,0],[0,0]],"o":[[0,0],[0,0],[0,0],[0,0]],"v":[[-83.771,86.446],[83.771,86.446],[83.771,-86.446],[-83.771,-86.446]],"c":true},"ix":2},"nm":"Path 1","mn":"ADBE Vector Shape - Group","hd":false},{"ty":"st","c":{"a":0,"k":[0.102000000898,0.102000000898,0.102000000898,1],"ix":3,"x":"var $bm_rt;\n$bm_rt = thisComp.layer('Color Control').effect('Color 5')('Color');"},"o":{"a":0,"k":100,"ix":4},"w":{"a":0,"k":2,"ix":5},"lc":2,"lj":2,"bm":0,"nm":"Stroke 1","mn":"ADBE Vector Graphic - Stroke","hd":false},{"ty":"fl","c":{"a":0,"k":[1,1,1,1],"ix":4,"x":"var $bm_rt;\n$bm_rt = thisComp.layer('Color Control').effect('Color 4')('Color');"},"o":{"a":0,"k":100,"ix":5},"r":1,"bm":0,"nm":"Fill 1","mn":"ADBE Vector Graphic - Fill","hd":false},{"ty":"tr","p":{"a":0,"k":[912.122,714.323],"ix":2},"a":{"a":0,"k":[0,0],"ix":1},"s":{"a":0,"k":[100,100],"ix":3},"r":{"a":0,"k":0,"ix":6},"o":{"a":0,"k":100,"ix":7},"sk":{"a":0,"k":0,"ix":4},"sa":{"a":0,"k":0,"ix":5},"nm":"Transform"}],"nm":"Group 3","np":3,"cix":2,"bm":0,"ix":3,"mn":"ADBE Vector Group","hd":false},{"ty":"gr","it":[{"ind":0,"ty":"sh","ix":1,"ks":{"a":0,"k":{"i":[[0,0],[0,0],[0,0],[0,0]],"o":[[0,0],[0,0],[0,0],[0,0]],"v":[[-83.771,86.446],[83.771,86.446],[83.771,-86.446],[-83.771,-86.446]],"c":true},"ix":2},"nm":"Path 1","mn":"ADBE Vector Shape - Group","hd":false},{"ty":"st","c":{"a":0,"k":[0.102000000898,0.102000000898,0.102000000898,1],"ix":3,"x":"var $bm_rt;\n$bm_rt = thisComp.layer('Color Control').effect('Color 5')('Color');"},"o":{"a":0,"k":100,"ix":4},"w":{"a":0,"k":1,"ix":5},"lc":2,"lj":2,"bm":0,"nm":"Stroke 1","mn":"ADBE Vector Graphic - Stroke","hd":false},{"ty":"fl","c":{"a":0,"k":[1,1,1,1],"ix":4,"x":"var $bm_rt;\n$bm_rt = thisComp.layer('Color Control').effect('Color 4')('Color');"},"o":{"a":0,"k":100,"ix":5},"r":1,"bm":0,"nm":"Fill 1","mn":"ADBE Vector Graphic - Fill","hd":false},{"ty":"tr","p":{"a":0,"k":[930.897,714.323],"ix":2},"a":{"a":0,"k":[0,0],"ix":1},"s":{"a":0,"k":[100,100],"ix":3},"r":{"a":0,"k":0,"ix":6},"o":{"a":0,"k":100,"ix":7},"sk":{"a":0,"k":0,"ix":4},"sa":{"a":0,"k":0,"ix":5},"nm":"Transform"}],"nm":"Group 4","np":3,"cix":2,"bm":0,"ix":4,"mn":"ADBE Vector Group","hd":false},{"ty":"gr","it":[{"ind":0,"ty":"sh","ix":1,"ks":{"a":0,"k":{"i":[[0,0],[27.314,-35.69]],"o":[[0,0],[0,0]],"v":[[28.272,-72.539],[-28.271,72.539]],"c":false},"ix":2},"nm":"Path 1","mn":"ADBE Vector Shape - Group","hd":false},{"ty":"st","c":{"a":0,"k":[0.102000000898,0.102000000898,0.102000000898,1],"ix":3,"x":"var $bm_rt;\n$bm_rt = thisComp.layer('Color Control').effect('Color 5')('Color');"},"o":{"a":0,"k":100,"ix":4},"w":{"a":0,"k":2,"ix":5},"lc":2,"lj":2,"bm":0,"nm":"Stroke 1","mn":"ADBE Vector Graphic - Stroke","hd":false},{"ty":"fl","c":{"a":0,"k":[1,1,1,1],"ix":4,"x":"var $bm_rt;\n$bm_rt = thisComp.layer('Color Control').effect('Color 4')('Color');"},"o":{"a":0,"k":100,"ix":5},"r":1,"bm":0,"nm":"Fill 1","mn":"ADBE Vector Graphic - Fill","hd":false},{"ty":"tr","p":{"a":0,"k":[708.526,730.282],"ix":2},"a":{"a":0,"k":[0,0],"ix":1},"s":{"a":0,"k":[100,100],"ix":3},"r":{"a":0,"k":0,"ix":6},"o":{"a":0,"k":100,"ix":7},"sk":{"a":0,"k":0,"ix":4},"sa":{"a":0,"k":0,"ix":5},"nm":"Transform"}],"nm":"Group 5","np":3,"cix":2,"bm":0,"ix":5,"mn":"ADBE Vector Group","hd":false},{"ty":"gr","it":[{"ind":0,"ty":"sh","ix":1,"ks":{"a":0,"k":{"i":[[25.875,63.964],[-4.792,-110.76],[0,0]],"o":[[0,0],[29.23,7.397],[0,0]],"v":[[26.116,-75.552],[-47.198,68.155],[-5.988,75.552]],"c":true},"ix":2},"nm":"Path 1","mn":"ADBE Vector Shape - Group","hd":false},{"ty":"st","c":{"a":0,"k":[0.102000000898,0.102000000898,0.102000000898,1],"ix":3,"x":"var $bm_rt;\n$bm_rt = thisComp.layer('Color Control').effect('Color 5')('Color');"},"o":{"a":0,"k":100,"ix":4},"w":{"a":0,"k":2,"ix":5},"lc":2,"lj":2,"bm":0,"nm":"Stroke 1","mn":"ADBE Vector Graphic - Stroke","hd":false},{"ty":"fl","c":{"a":0,"k":[1,1,1,1],"ix":4,"x":"var $bm_rt;\n$bm_rt = thisComp.layer('Color Control').effect('Color 4')('Color');"},"o":{"a":0,"k":100,"ix":5},"r":1,"bm":0,"nm":"Fill 1","mn":"ADBE Vector Graphic - Fill","hd":false},{"ty":"tr","p":{"a":0,"k":[710.682,733.295],"ix":2},"a":{"a":0,"k":[0,0],"ix":1},"s":{"a":0,"k":[100,100],"ix":3},"r":{"a":0,"k":0,"ix":6},"o":{"a":0,"k":100,"ix":7},"sk":{"a":0,"k":0,"ix":4},"sa":{"a":0,"k":0,"ix":5},"nm":"Transform"}],"nm":"Group 6","np":3,"cix":2,"bm":0,"ix":6,"mn":"ADBE Vector Group","hd":false},{"ty":"gr","it":[{"ind":0,"ty":"sh","ix":1,"ks":{"a":0,"k":{"i":[[0,0],[-24.438,-14.368]],"o":[[0,0],[0,0]],"v":[[-29.948,-106.375],[29.948,106.375]],"c":false},"ix":2},"nm":"Path 1","mn":"ADBE Vector Shape - Group","hd":false},{"ty":"st","c":{"a":0,"k":[0.102000000898,0.102000000898,0.102000000898,1],"ix":3,"x":"var $bm_rt;\n$bm_rt = thisComp.layer('Color Control').effect('Color 5')('Color');"},"o":{"a":0,"k":100,"ix":4},"w":{"a":0,"k":2,"ix":5},"lc":2,"lj":2,"bm":0,"nm":"Stroke 1","mn":"ADBE Vector Graphic - Stroke","hd":false},{"ty":"fl","c":{"a":0,"k":[1,1,1,1],"ix":4,"x":"var $bm_rt;\n$bm_rt = thisComp.layer('Color Control').effect('Color 4')('Color');"},"o":{"a":0,"k":100,"ix":5},"r":1,"bm":0,"nm":"Fill 1","mn":"ADBE Vector Graphic - Fill","hd":false},{"ty":"tr","p":{"a":0,"k":[637.368,696.446],"ix":2},"a":{"a":0,"k":[0,0],"ix":1},"s":{"a":0,"k":[100,100],"ix":3},"r":{"a":0,"k":0,"ix":6},"o":{"a":0,"k":100,"ix":7},"sk":{"a":0,"k":0,"ix":4},"sa":{"a":0,"k":0,"ix":5},"nm":"Transform"}],"nm":"Group 7","np":3,"cix":2,"bm":0,"ix":7,"mn":"ADBE Vector Group","hd":false},{"ty":"gr","it":[{"ind":0,"ty":"sh","ix":1,"ks":{"a":0,"k":{"i":[[73.793,53.304],[-70.918,-35.208],[0,0]],"o":[[-1.536,-1.109],[0,0],[0,0]],"v":[[-24.438,-108.833],[21.563,106.719],[46.48,109.943]],"c":true},"ix":2},"nm":"Path 1","mn":"ADBE Vector Shape - Group","hd":false},{"ty":"st","c":{"a":0,"k":[0.102000000898,0.102000000898,0.102000000898,1],"ix":3,"x":"var $bm_rt;\n$bm_rt = thisComp.layer('Color Control').effect('Color 5')('Color');"},"o":{"a":0,"k":100,"ix":4},"w":{"a":0,"k":2,"ix":5},"lc":2,"lj":2,"bm":0,"nm":"Stroke 1","mn":"ADBE Vector Graphic - Stroke","hd":false},{"ty":"fl","c":{"a":0,"k":[1,1,1,1],"ix":4,"x":"var $bm_rt;\n$bm_rt = thisComp.layer('Color Control').effect('Color 4')('Color');"},"o":{"a":0,"k":100,"ix":5},"r":1,"bm":0,"nm":"Fill 1","mn":"ADBE Vector Graphic - Fill","hd":false},{"ty":"tr","p":{"a":0,"k":[631.857,698.904],"ix":2},"a":{"a":0,"k":[0,0],"ix":1},"s":{"a":0,"k":[100,100],"ix":3},"r":{"a":0,"k":0,"ix":6},"o":{"a":0,"k":100,"ix":7},"sk":{"a":0,"k":0,"ix":4},"sa":{"a":0,"k":0,"ix":5},"nm":"Transform"}],"nm":"Group 8","np":3,"cix":2,"bm":0,"ix":8,"mn":"ADBE Vector Group","hd":false},{"ty":"gr","it":[{"ind":0,"ty":"sh","ix":1,"ks":{"a":0,"k":{"i":[[0,0],[-20.126,151.366],[0,0]],"o":[[0,0],[105.898,38.209],[0,0]],"v":[[41.688,86.786],[-48.876,-86.786],[69.001,86.786]],"c":false},"ix":2},"nm":"Path 1","mn":"ADBE Vector Shape - Group","hd":false},{"ty":"st","c":{"a":0,"k":[0.102000000898,0.102000000898,0.102000000898,1],"ix":3,"x":"var $bm_rt;\n$bm_rt = thisComp.layer('Color Control').effect('Color 5')('Color');"},"o":{"a":0,"k":100,"ix":4},"w":{"a":0,"k":2,"ix":5},"lc":2,"lj":2,"bm":0,"nm":"Stroke 1","mn":"ADBE Vector Graphic - Stroke","hd":false},{"ty":"fl","c":{"a":0,"k":[1,1,1,1],"ix":4,"x":"var $bm_rt;\n$bm_rt = thisComp.layer('Color Control').effect('Color 4')('Color');"},"o":{"a":0,"k":100,"ix":5},"r":1,"bm":0,"nm":"Fill 1","mn":"ADBE Vector Graphic - Fill","hd":false},{"ty":"tr","p":{"a":0,"k":[582.981,714.664],"ix":2},"a":{"a":0,"k":[0,0],"ix":1},"s":{"a":0,"k":[100,100],"ix":3},"r":{"a":0,"k":0,"ix":6},"o":{"a":0,"k":100,"ix":7},"sk":{"a":0,"k":0,"ix":4},"sa":{"a":0,"k":0,"ix":5},"nm":"Transform"}],"nm":"Group 9","np":3,"cix":2,"bm":0,"ix":9,"mn":"ADBE Vector Group","hd":false},{"ty":"gr","it":[{"ind":0,"ty":"sh","ix":1,"ks":{"a":0,"k":{"i":[[254.922,0.927],[-56.79,12.528],[-30.078,-46.07],[-10.569,8.355],[-80.535,-55.958],[-45.934,-8.595],[-3.372,-5.671],[-13.112,-25.434],[4.688,-19.188]],"o":[[3.25,-57.289],[54.019,-11.916],[9.985,-31.881],[50.373,-39.818],[5.952,-4.059],[49.365,9.237],[44.408,-12.111],[2.466,4.783],[-254.923,-0.927]],"v":[[-384.727,77.616],[-282.664,-40.579],[-141.784,16.432],[-104.409,-40.579],[116.971,-16.94],[203.224,-35.017],[279.411,17.823],[377.163,44.243],[380.04,80.397]],"c":true},"ix":2},"nm":"Path 1","mn":"ADBE Vector Shape - Group","hd":false},{"ty":"st","c":{"a":0,"k":[0.102000000898,0.102000000898,0.102000000898,1],"ix":3,"x":"var $bm_rt;\n$bm_rt = thisComp.layer('Color Control').effect('Color 5')('Color');"},"o":{"a":0,"k":100,"ix":4},"w":{"a":0,"k":2,"ix":5},"lc":2,"lj":2,"bm":0,"nm":"Stroke 1","mn":"ADBE Vector Graphic - Stroke","hd":false},{"ty":"fl","c":{"a":0,"k":[1,1,1,1],"ix":4,"x":"var $bm_rt;\n$bm_rt = thisComp.layer('Color Control').effect('Color 4')('Color');"},"o":{"a":0,"k":100,"ix":5},"r":1,"bm":0,"nm":"Fill 1","mn":"ADBE Vector Graphic - Fill","hd":false},{"ty":"tr","p":{"a":0,"k":[928.896,735.403],"ix":2},"a":{"a":0,"k":[0,0],"ix":1},"s":{"a":0,"k":[100,100],"ix":3},"r":{"a":0,"k":0,"ix":6},"o":{"a":0,"k":100,"ix":7},"sk":{"a":0,"k":0,"ix":4},"sa":{"a":0,"k":0,"ix":5},"nm":"Transform"}],"nm":"Group 10","np":3,"cix":2,"bm":0,"ix":10,"mn":"ADBE Vector Group","hd":false}],"ip":0,"op":150,"st":0,"bm":0}]}],"layers":[{"ddd":0,"ind":1,"ty":0,"nm":"Human Scene - 05","refId":"comp_0","sr":1,"ks":{"o":{"a":0,"k":100,"ix":11},"r":{"a":0,"k":0,"ix":10},"p":{"a":0,"k":[600,680,0],"ix":2},"a":{"a":0,"k":[600,600,0],"ix":1},"s":{"a":0,"k":[100,100,100],"ix":6}},"ao":0,"w":1200,"h":1200,"ip":0,"op":150,"st":0,"bm":0},{"ddd":0,"ind":2,"ty":0,"nm":"Background - 05","refId":"comp_1","sr":1,"ks":{"o":{"a":0,"k":100,"ix":11},"r":{"a":0,"k":0,"ix":10},"p":{"a":0,"k":[600,680,0],"ix":2},"a":{"a":0,"k":[600,600,0],"ix":1},"s":{"a":0,"k":[100,100,100],"ix":6}},"ao":0,"w":1200,"h":1200,"ip":0,"op":150,"st":0,"bm":0}],"markers":[]}