{"v":"5.7.4","fr":24,"ip":0,"op":97,"w":500,"h":500,"nm":"Comp 1","ddd":0,"assets":[],"fonts":{"list":[{"fName":"CCSignLanguage-Bold","fFamily":"CCSignLanguage","fStyle":"Bold","ascent":96.9482813198119}]},"layers":[{"ddd":0,"ind":1,"ty":5,"nm":"Loading ..","sr":1,"ks":{"o":{"a":0,"k":100,"ix":11},"r":{"a":0,"k":0,"ix":10},"p":{"a":0,"k":[250,408.029,0],"ix":2,"l":2},"a":{"a":0,"k":[0.026,-11.901,0],"ix":1,"l":2},"s":{"a":0,"k":[130,130,100],"ix":6,"l":2}},"ao":0,"sy":[{"c":{"a":0,"k":[0,0,0,1],"ix":2},"o":{"a":0,"k":75,"ix":3},"a":{"a":0,"k":80,"ix":5},"s":{"a":0,"k":5,"ix":8},"d":{"a":0,"k":5,"ix":6},"ch":{"a":0,"k":0,"ix":7},"bm":{"a":0,"k":5,"ix":1},"no":{"a":0,"k":0,"ix":9},"lc":{"a":0,"k":1,"ix":10},"ty":1,"nm":"Drop Shadow"}],"t":{"d":{"k":[{"s":{"sz":[270,79],"ps":[-135,-39.5],"s":60,"f":"CCSignLanguage-Bold","t":"Loading...\r","j":2,"tr":0,"lh":72,"ls":0,"fc":[0.102,0.094,0.114],"sc":[0,0,0],"sw":0.00999999977648,"of":false},"t":0}]},"p":{},"m":{"g":1,"a":{"a":0,"k":[0,0],"ix":2}},"a":[{"nm":"Animator 1","s":{"t":0,"xe":{"a":0,"k":0,"ix":7},"ne":{"a":0,"k":0,"ix":8},"a":{"a":0,"k":100,"ix":4},"b":1,"rn":0,"sh":1,"r":1},"a":{"sk":{"a":1,"k":[{"i":{"x":[0.833],"y":[0.833]},"o":{"x":[0.167],"y":[0.167]},"t":0,"s":[-30]},{"i":{"x":[0.833],"y":[0.833]},"o":{"x":[0.167],"y":[0.167]},"t":24,"s":[0]},{"i":{"x":[0.833],"y":[0.833]},"o":{"x":[0.167],"y":[0.167]},"t":48,"s":[30]},{"i":{"x":[0.833],"y":[0.833]},"o":{"x":[0.167],"y":[0.167]},"t":72,"s":[0]},{"t":96,"s":[-30]}],"ix":4},"sa":{"a":0,"k":0,"ix":5}}}]},"ip":0,"op":240,"st":0,"bm":0},{"ddd":0,"ind":2,"ty":4,"nm":"Red","sr":1,"ks":{"o":{"a":0,"k":100,"ix":11},"r":{"a":0,"k":0,"ix":10,"x":"var $bm_rt;\n$bm_rt = $bm_mul(time, 100);"},"p":{"a":0,"k":[250,211,0],"ix":2,"l":2},"a":{"a":0,"k":[-7,-11,0],"ix":1,"l":2},"s":{"a":0,"k":[100,100,100],"ix":6,"l":2}},"ao":0,"shapes":[{"ty":"gr","it":[{"ind":0,"ty":"sh","ix":1,"ks":{"a":0,"k":{"i":[[74.006,0],[0,-74.006],[-74.006,0],[0,74.006]],"o":[[-74.006,0],[0,74.006],[74.006,0],[0,-74.006]],"v":[[0,-134],[-134,0],[0,134],[134,0]],"c":true},"ix":2},"nm":"Path 1","mn":"ADBE Vector Shape - Group","hd":false},{"ty":"st","c":{"a":0,"k":[0.925490196078,0.196078431373,0.239215686275,1],"ix":3},"o":{"a":0,"k":100,"ix":4},"w":{"a":0,"k":22,"ix":5},"lc":1,"lj":1,"ml":4,"bm":0,"nm":"Stroke 1","mn":"ADBE Vector Graphic - Stroke","hd":false},{"ty":"tr","p":{"a":0,"k":[-7,-11],"ix":2},"a":{"a":0,"k":[0,0],"ix":1},"s":{"a":0,"k":[100,100],"ix":3},"r":{"a":0,"k":0,"ix":6},"o":{"a":0,"k":100,"ix":7},"sk":{"a":0,"k":0,"ix":4},"sa":{"a":0,"k":0,"ix":5},"nm":"Transform"}],"nm":"Ellipse 1","np":3,"cix":2,"bm":0,"ix":1,"mn":"ADBE Vector Group","hd":false},{"ty":"tm","s":{"a":0,"k":0,"ix":1},"e":{"a":1,"k":[{"i":{"x":[0.667],"y":[1]},"o":{"x":[0.333],"y":[0]},"t":0,"s":[100]},{"i":{"x":[0.667],"y":[1]},"o":{"x":[0.333],"y":[0]},"t":48,"s":[0]},{"t":96,"s":[100]}],"ix":2},"o":{"a":1,"k":[{"i":{"x":[0.667],"y":[1]},"o":{"x":[0.333],"y":[0]},"t":0,"s":[1080]},{"t":96,"s":[1080]}],"ix":3},"m":1,"ix":2,"nm":"Trim Paths 1","mn":"ADBE Vector Filter - Trim","hd":false}],"ip":0,"op":240,"st":0,"bm":0},{"ddd":0,"ind":3,"ty":4,"nm":"Blue","sr":1,"ks":{"o":{"a":0,"k":100,"ix":11},"r":{"a":0,"k":0,"ix":10,"x":"var $bm_rt;\n$bm_rt = $bm_mul(time, 80);"},"p":{"a":0,"k":[250,211,0],"ix":2,"l":2},"a":{"a":0,"k":[-7,-11,0],"ix":1,"l":2},"s":{"a":0,"k":[80,80,100],"ix":6,"l":2}},"ao":0,"shapes":[{"ty":"gr","it":[{"ind":0,"ty":"sh","ix":1,"ks":{"a":0,"k":{"i":[[74.006,0],[0,-74.006],[-74.006,0],[0,74.006]],"o":[[-74.006,0],[0,74.006],[74.006,0],[0,-74.006]],"v":[[0,-134],[-134,0],[0,134],[134,0]],"c":true},"ix":2},"nm":"Path 1","mn":"ADBE Vector Shape - Group","hd":false},{"ty":"st","c":{"a":0,"k":[0.043137254902,0.325490196078,0.854901960784,1],"ix":3},"o":{"a":0,"k":100,"ix":4},"w":{"a":0,"k":23,"ix":5},"lc":1,"lj":1,"ml":4,"bm":0,"nm":"Stroke 1","mn":"ADBE Vector Graphic - Stroke","hd":false},{"ty":"tr","p":{"a":0,"k":[-7,-11],"ix":2},"a":{"a":0,"k":[0,0],"ix":1},"s":{"a":0,"k":[100,100],"ix":3},"r":{"a":0,"k":0,"ix":6},"o":{"a":0,"k":100,"ix":7},"sk":{"a":0,"k":0,"ix":4},"sa":{"a":0,"k":0,"ix":5},"nm":"Transform"}],"nm":"Ellipse 1","np":3,"cix":2,"bm":0,"ix":1,"mn":"ADBE Vector Group","hd":false},{"ty":"tm","s":{"a":0,"k":0,"ix":1},"e":{"a":1,"k":[{"i":{"x":[0.667],"y":[1]},"o":{"x":[0.333],"y":[0]},"t":0,"s":[100]},{"i":{"x":[0.667],"y":[1]},"o":{"x":[0.333],"y":[0]},"t":48,"s":[0]},{"t":96,"s":[100]}],"ix":2},"o":{"a":1,"k":[{"i":{"x":[0.667],"y":[1]},"o":{"x":[0.333],"y":[0]},"t":0,"s":[1080]},{"t":96,"s":[1080]}],"ix":3},"m":1,"ix":2,"nm":"Trim Paths 1","mn":"ADBE Vector Filter - Trim","hd":false}],"ip":0,"op":240,"st":0,"bm":0},{"ddd":0,"ind":4,"ty":4,"nm":"Purple","sr":1,"ks":{"o":{"a":0,"k":100,"ix":11},"r":{"a":0,"k":0,"ix":10,"x":"var $bm_rt;\n$bm_rt = $bm_mul(time, 60);"},"p":{"a":0,"k":[250,211,0],"ix":2,"l":2},"a":{"a":0,"k":[-7,-11,0],"ix":1,"l":2},"s":{"a":0,"k":[65,65,100],"ix":6,"l":2}},"ao":0,"shapes":[{"ty":"gr","it":[{"ind":0,"ty":"sh","ix":1,"ks":{"a":0,"k":{"i":[[74.006,0],[0,-74.006],[-74.006,0],[0,74.006]],"o":[[-74.006,0],[0,74.006],[74.006,0],[0,-74.006]],"v":[[0,-134],[-134,0],[0,134],[134,0]],"c":true},"ix":2},"nm":"Path 1","mn":"ADBE Vector Shape - Group","hd":false},{"ty":"st","c":{"a":0,"k":[0.533333333333,0.035294117647,0.819607843137,1],"ix":3},"o":{"a":0,"k":100,"ix":4},"w":{"a":0,"k":25,"ix":5},"lc":1,"lj":1,"ml":4,"bm":0,"nm":"Stroke 1","mn":"ADBE Vector Graphic - Stroke","hd":false},{"ty":"tr","p":{"a":0,"k":[-7,-11],"ix":2},"a":{"a":0,"k":[0,0],"ix":1},"s":{"a":0,"k":[100,100],"ix":3},"r":{"a":0,"k":0,"ix":6},"o":{"a":0,"k":100,"ix":7},"sk":{"a":0,"k":0,"ix":4},"sa":{"a":0,"k":0,"ix":5},"nm":"Transform"}],"nm":"Ellipse 1","np":3,"cix":2,"bm":0,"ix":1,"mn":"ADBE Vector Group","hd":false},{"ty":"tm","s":{"a":0,"k":0,"ix":1},"e":{"a":1,"k":[{"i":{"x":[0.667],"y":[1]},"o":{"x":[0.333],"y":[0]},"t":0,"s":[100]},{"i":{"x":[0.667],"y":[1]},"o":{"x":[0.333],"y":[0]},"t":48,"s":[0]},{"t":96,"s":[100]}],"ix":2},"o":{"a":1,"k":[{"i":{"x":[0.667],"y":[1]},"o":{"x":[0.333],"y":[0]},"t":0,"s":[1080]},{"t":96,"s":[1080]}],"ix":3},"m":1,"ix":2,"nm":"Trim Paths 1","mn":"ADBE Vector Filter - Trim","hd":false}],"ip":0,"op":240,"st":0,"bm":0},{"ddd":0,"ind":5,"ty":4,"nm":"Orange","sr":1,"ks":{"o":{"a":0,"k":100,"ix":11},"r":{"a":0,"k":0,"ix":10,"x":"var $bm_rt;\n$bm_rt = $bm_mul(time, 40);"},"p":{"a":0,"k":[250,211,0],"ix":2,"l":2},"a":{"a":0,"k":[-7,-11,0],"ix":1,"l":2},"s":{"a":0,"k":[50,50,100],"ix":6,"l":2}},"ao":0,"shapes":[{"ty":"gr","it":[{"ind":0,"ty":"sh","ix":1,"ks":{"a":0,"k":{"i":[[74.006,0],[0,-74.006],[-74.006,0],[0,74.006]],"o":[[-74.006,0],[0,74.006],[74.006,0],[0,-74.006]],"v":[[0,-134],[-134,0],[0,134],[134,0]],"c":true},"ix":2},"nm":"Path 1","mn":"ADBE Vector Shape - Group","hd":false},{"ty":"st","c":{"a":0,"k":[0.96862745098,0.635294117647,0.01568627451,1],"ix":3},"o":{"a":0,"k":100,"ix":4},"w":{"a":0,"k":30,"ix":5},"lc":1,"lj":1,"ml":4,"bm":0,"nm":"Stroke 1","mn":"ADBE Vector Graphic - Stroke","hd":false},{"ty":"tr","p":{"a":0,"k":[-7,-11],"ix":2},"a":{"a":0,"k":[0,0],"ix":1},"s":{"a":0,"k":[100,100],"ix":3},"r":{"a":0,"k":0,"ix":6},"o":{"a":0,"k":100,"ix":7},"sk":{"a":0,"k":0,"ix":4},"sa":{"a":0,"k":0,"ix":5},"nm":"Transform"}],"nm":"Ellipse 1","np":3,"cix":2,"bm":0,"ix":1,"mn":"ADBE Vector Group","hd":false},{"ty":"tm","s":{"a":0,"k":0,"ix":1},"e":{"a":1,"k":[{"i":{"x":[0.667],"y":[1]},"o":{"x":[0.333],"y":[0]},"t":0,"s":[100]},{"i":{"x":[0.667],"y":[1]},"o":{"x":[0.333],"y":[0]},"t":48,"s":[0]},{"t":96,"s":[100]}],"ix":2},"o":{"a":1,"k":[{"i":{"x":[0.667],"y":[1]},"o":{"x":[0.333],"y":[0]},"t":0,"s":[1080]},{"t":96,"s":[1080]}],"ix":3},"m":1,"ix":2,"nm":"Trim Paths 1","mn":"ADBE Vector Filter - Trim","hd":false}],"ip":0,"op":240,"st":0,"bm":0}],"markers":[],"chars":[{"ch":"L","size":60,"style":"Bold","w":54.8,"data":{"shapes":[{"ty":"gr","it":[{"ind":0,"ty":"sh","ix":1,"ks":{"a":0,"k":{"i":[[-6.244,0.504],[9.97,-0.806],[7.452,-2.719],[-1.41,8.963],[-0.806,3.827],[2.417,-11.682],[-0.906,-19.336],[-6.848,3.223],[-5.035,1.813]],"o":[[10.876,-0.806],[-7.755,0.604],[0,-9.668],[0.604,-3.928],[1.511,-7.452],[-3.726,18.329],[0.403,7.553],[5.237,-2.417],[5.035,-1.712]],"v":[[51.663,-6.949],[43.405,-23.868],[20.242,-21.048],[22.659,-48.038],[25.681,-59.116],[8.157,-68.481],[4.23,-12.689],[20.142,3.122],[35.147,-3.424]],"c":true},"ix":2},"nm":"L","mn":"ADBE Vector Shape - Group","hd":false}],"nm":"L","np":3,"cix":2,"bm":0,"ix":1,"mn":"ADBE Vector Group","hd":false}]},"fFamily":"CCSignLanguage"},{"ch":"o","size":60,"style":"Bold","w":56.9,"data":{"shapes":[{"ty":"gr","it":[{"ind":0,"ty":"sh","ix":1,"ks":{"a":0,"k":{"i":[[-1.108,-2.719],[11.884,-2.518],[-1.108,3.726],[-5.942,1.511]],"o":[[4.532,11.481],[-5.035,1.007],[1.813,-6.345],[2.115,-0.504]],"v":[[37.866,-38.47],[22.861,-12.589],[19.235,-23.666],[33.133,-40.283]],"c":true},"ix":2},"nm":"o","mn":"ADBE Vector Shape - Group","hd":false},{"ind":1,"ty":"sh","ix":2,"ks":{"a":0,"k":{"i":[[-3.122,9.064],[5.035,8.862],[11.078,-0.806],[0.906,-8.762],[-2.921,-7.352],[-9.769,1.813]],"o":[[4.33,-12.286],[-5.237,-9.265],[-11.179,0.906],[-0.705,7.654],[3.625,8.862],[11.38,-2.014]],"v":[[53.174,-14.2],[51.059,-42.599],[27.393,-57.504],[2.719,-29.81],[4.633,-11.783],[33.032,2.216]],"c":true},"ix":2},"nm":"o","mn":"ADBE Vector Shape - Group","hd":false}],"nm":"o","np":5,"cix":2,"bm":0,"ix":1,"mn":"ADBE Vector Group","hd":false}]},"fFamily":"CCSignLanguage"},{"ch":"a","size":60,"style":"Bold","w":51.5,"data":{"shapes":[{"ty":"gr","it":[{"ind":0,"ty":"sh","ix":1,"ks":{"a":0,"k":{"i":[[-3.223,-1.208],[2.014,-1.309],[0.906,1.813],[-3.323,2.316]],"o":[[-1.913,1.511],[-3.625,2.518],[-1.41,-2.518],[1.813,-1.208]],"v":[[28.903,-20.444],[23.062,-16.113],[15.509,-12.286],[20.041,-21.753]],"c":true},"ix":2},"nm":"a","mn":"ADBE Vector Shape - Group","hd":false},{"ind":1,"ty":"sh","ix":2,"ks":{"a":0,"k":{"i":[[-1.007,18.127],[6.042,0.201],[4.23,-4.532],[-1.309,-3.021],[-4.633,2.921],[0.403,-4.23],[0.403,-2.518],[2.518,1.007],[1.007,-10.776],[-2.216,-6.042],[-5.74,0.504],[-3.928,3.021],[-0.201,-0.201],[-3.223,4.935],[0.101,1.511]],"o":[[0.403,-6.848],[-6.747,-0.302],[-3.726,4.028],[1.108,2.518],[2.316,-1.41],[-0.302,2.719],[-2.417,-1.007],[-10.272,-4.23],[-0.806,8.258],[2.216,6.244],[5.942,-0.504],[0.201,0.101],[3.323,3.021],[0.806,-1.208],[-0.806,-11.179]],"v":[[49.448,-43.103],[30.716,-61.432],[13.193,-54.785],[8.359,-43.808],[21.249,-46.124],[32.327,-43.909],[31.219,-35.953],[23.767,-38.974],[2.316,-25.278],[4.23,-7.855],[20.544,4.129],[35.449,-2.316],[35.953,-1.813],[47.635,-1.913],[48.541,-5.539]],"c":true},"ix":2},"nm":"a","mn":"ADBE Vector Shape - Group","hd":false}],"nm":"a","np":5,"cix":2,"bm":0,"ix":1,"mn":"ADBE Vector Group","hd":false}]},"fFamily":"CCSignLanguage"},{"ch":"d","size":60,"style":"Bold","w":54,"data":{"shapes":[{"ty":"gr","it":[{"ind":0,"ty":"sh","ix":1,"ks":{"a":0,"k":{"i":[[0,0],[1.813,-0.906],[0.504,1.712],[-7.05,4.23],[-2.719,-1.108]],"o":[[-2.82,6.747],[-3.122,1.611],[-1.41,-5.136],[2.216,-1.309],[0,0]],"v":[[31.723,-27.594],[22.659,-14.603],[16.415,-13.092],[23.969,-31.32],[31.723,-30.817]],"c":true},"ix":2},"nm":"d","mn":"ADBE Vector Shape - Group","hd":false},{"ind":1,"ty":"sh","ix":2,"ks":{"a":0,"k":{"i":[[-3.525,13.797],[1.611,-17.322],[0.806,-9.467],[2.316,0.604],[1.913,-7.855],[-2.518,-6.747],[-6.042,0.504],[-4.33,4.733],[1.913,9.869],[-0.101,7.553]],"o":[[1.511,-5.841],[-0.806,8.56],[-2.518,-1.007],[-11.38,-3.021],[-3.122,13.092],[2.518,6.949],[6.949,-0.604],[6.042,6.848],[-1.813,-9.064],[0.101,-5.136]],"v":[[53.275,-66.467],[35.55,-76.236],[32.629,-48.743],[25.378,-51.16],[3.827,-37.161],[3.726,-7.855],[21.35,4.834],[37.564,-4.431],[51.26,-4.23],[49.347,-27.594]],"c":true},"ix":2},"nm":"d","mn":"ADBE Vector Shape - Group","hd":false}],"nm":"d","np":5,"cix":2,"bm":0,"ix":1,"mn":"ADBE Vector Group","hd":false}]},"fFamily":"CCSignLanguage"},{"ch":"i","size":60,"style":"Bold","w":26.2,"data":{"shapes":[{"ty":"gr","it":[{"ind":0,"ty":"sh","ix":1,"ks":{"a":0,"k":{"i":[[-2.618,7.15],[2.417,-17.422],[-1.41,-9.668],[2.216,13.495]],"o":[[2.014,-5.438],[-1.611,11.481],[1.712,11.078],[-1.913,-11.279]],"v":[[23.163,-35.651],[4.935,-45.52],[5.438,-12.186],[21.753,-3.223]],"c":true},"ix":2},"nm":"i","mn":"ADBE Vector Shape - Group","hd":false},{"ind":1,"ty":"sh","ix":2,"ks":{"a":0,"k":{"i":[[-17.221,3.021],[11.783,-1.511]],"o":[[8.56,-1.511],[-12.286,1.611]],"v":[[21.149,-55.289],[11.682,-78.854]],"c":true},"ix":2},"nm":"i","mn":"ADBE Vector Shape - Group","hd":false}],"nm":"i","np":5,"cix":2,"bm":0,"ix":1,"mn":"ADBE Vector Group","hd":false}]},"fFamily":"CCSignLanguage"},{"ch":"n","size":60,"style":"Bold","w":53.3,"data":{"shapes":[{"ty":"gr","it":[{"ind":0,"ty":"sh","ix":1,"ks":{"a":0,"k":{"i":[[-2.216,8.862],[7.251,-1.813],[3.122,-6.244],[1.913,-14.804],[-1.41,-10.675],[1.913,12.79],[-0.101,1.007],[-4.028,5.136],[-0.302,-3.122],[2.518,13.596],[0,4.23]],"o":[[1.813,-7.452],[-4.028,1.007],[-1.712,-7.654],[-1.611,12.488],[1.712,13.092],[-0.101,-1.007],[2.115,-13.898],[-0.906,8.157],[1.913,17.422],[-0.504,-2.417],[-0.101,-5.539]],"v":[[51.462,-40.082],[32.227,-58.209],[21.451,-46.024],[4.028,-50.656],[4.532,-10.776],[21.552,-1.611],[21.552,-5.136],[33.234,-34.644],[32.73,-15.308],[49.951,-4.532],[48.743,-14.401]],"c":true},"ix":2},"nm":"n","mn":"ADBE Vector Shape - Group","hd":false}],"nm":"n","np":3,"cix":2,"bm":0,"ix":1,"mn":"ADBE Vector Group","hd":false}]},"fFamily":"CCSignLanguage"},{"ch":"g","size":60,"style":"Bold","w":54,"data":{"shapes":[{"ty":"gr","it":[{"ind":0,"ty":"sh","ix":1,"ks":{"a":0,"k":{"i":[[0,-2.417],[2.719,-1.611],[0.806,2.316],[-3.827,2.518],[-2.518,-0.504]],"o":[[-2.216,2.216],[-1.208,0.705],[-1.813,-4.834],[2.316,-1.511],[0.201,2.417]],"v":[[33.334,-27.795],[26.083,-21.854],[16.214,-19.135],[23.465,-34.341],[33.032,-35.046]],"c":true},"ix":2},"nm":"g","mn":"ADBE Vector Shape - Group","hd":false},{"ind":1,"ty":"sh","ix":2,"ks":{"a":0,"k":{"i":[[0.201,4.129],[-1.611,-19.638],[2.014,0.504],[2.82,-9.869],[-3.223,-7.553],[-7.352,0.504],[-2.719,1.007],[8.56,4.129],[-4.834,-3.827],[-5.942,0.604],[0,11.279],[-0.403,6.647]],"o":[[-0.504,-10.272],[-1.913,-0.806],[-10.574,-2.82],[-2.216,7.956],[2.719,6.546],[2.921,-0.201],[-1.41,9.567],[-9.265,-4.431],[4.633,3.726],[14.301,-1.41],[0,-6.647],[0.201,-4.129]],"v":[[51.965,-44.714],[32.126,-52.67],[26.285,-54.684],[2.719,-38.773],[4.733,-15.71],[23.566,-2.82],[32.126,-4.633],[17.725,3.323],[12.286,10.876],[35.147,17.624],[50.858,-12.186],[51.462,-32.025]],"c":true},"ix":2},"nm":"g","mn":"ADBE Vector Shape - Group","hd":false}],"nm":"g","np":5,"cix":2,"bm":0,"ix":1,"mn":"ADBE Vector Group","hd":false}]},"fFamily":"CCSignLanguage"},{"ch":".","size":60,"style":"Bold","w":31,"data":{"shapes":[{"ty":"gr","it":[{"ind":0,"ty":"sh","ix":1,"ks":{"a":0,"k":{"i":[[2.316,6.143],[2.82,-2.518],[-0.302,-4.633],[-4.129,0]],"o":[[-3.625,-9.567],[-2.216,2.014],[0.403,6.949],[7.452,0]],"v":[[27.191,-15.106],[9.567,-19.839],[4.33,-8.258],[15.912,1.41]],"c":true},"ix":2},"nm":".","mn":"ADBE Vector Shape - Group","hd":false}],"nm":".","np":3,"cix":2,"bm":0,"ix":1,"mn":"ADBE Vector Group","hd":false}]},"fFamily":"CCSignLanguage"},{"ch":"\r","size":60,"style":"Bold","w":0,"fFamily":"CCSignLanguage"}]}